date,coin,n_transfers,onchain_volume,n_unique_senders,n_unique_receivers,minted,burned,net_issuance,avg_transfer_size,n_large_transfers,volume_large_transfers,large_transfer_share
2023-02-01,DAI,9499,502705795.192587860420200689,2799,3697,16590015.724716076080245025,26244919.898888269408379835,-9654904.17417219332813481,52921.97022766479212761350552689756816507001,58,319346297.603045211423968947,0.63525485613449679421237586685760548412
2023-02-02,DAI,17970,628648355.612983819621869061,10476,3692,28465395.788167128825226775,21040693.376818836904788271,7424702.411348291920438504,34983.21400183549357940284145798553144129104,73,410897748.95424823043299294,0.65362097154233251864950314349808613676
2023-02-03,DAI,9271,370132573.186167496816398584,3317,3322,30858684.232884480617164548,42107275.082951453477292454,-11248590.850066972860127906,39923.69465927812499367906202135691942616762,94,189026267.578869990556136561,0.51069881786328076023569997922848861726
2023-02-04,DAI,7920,518070604.264049473765206891,2351,3285,32168348.728742596666268165,25271038.221248227710740738,6897310.507494368955527427,65412.95508384463052590996098484848484848485,81,405988303.21492874699552028,0.78365438971713055886281785191990862797
2023-02-05,DAI,8139,358813155.74076955707588296,2426,3106,15717216.127623505652311793,8102934.664782397777631511,7614281.462841107874680282,44085.65619127282922667194495638284801572675,50,264740524.870232166183804509,0.73782279338023574506636069698856597679
2023-02-06,DAI,8428,464547031.70742772777638739,2551,3427,48807066.135746960023243754,52687133.48262651582418654,-3880067.346879555800942786,55119.48643894491312012190199335548172757475,103,333316510.366763891559801195,0.71750864307897897753762665364498404727
2023-02-07,DAI,9638,300097690.062796062583142151,2636,4068,17395373.877947381583942537,26971618.4179279614857334,-9576244.539980579901790863,31136.92571724383301339926862419589126374767,58,120307798.655536615221718719,0.40089545051267125522368415342778059207
2023-02-08,DAI,9428,649535628.141785431234320534,2476,3901,30074027.100877194742318632,27472136.869316902914436687,2601890.231560291827881945,68894.31779187371990181592426813746287653797,107,480726908.963214034725243897,0.74010860703437412784482837552674047568
2023-02-09,DAI,10176,879028765.04809761983870328,2670,3830,39867997.318977284924352334,46317685.247976028815061083,-6449687.928998743890708749,86382.54373507248622628766509433962264150943,122,635608931.596010899049386549,0.72308092393453407370277013127232760136
2023-02-10,DAI,10938,547957426.348066922625803967,2715,4108,63376111.157875951667849428,72256118.378928730038798637,-8880007.221052778370949209,50096.6745609861878429149722984092155787164,125,347313989.064794914622703976,0.63383389359190526204172333325885747143
2023-02-11,DAI,8400,465560934.607372377775989773,2428,3062,27463298.548755400971305753,30290568.581327923838439563,-2827270.03257252286713381,55423.9207865919497352368777380952380952381,54,372472912.068575429732527056,0.80005190380223354946692548720467455504
2023-02-12,DAI,8003,744524634.617972697956562402,2269,2915,15784027.838606968538266329,15772317.68867234493667208,11710.149934623601594249,93030.69281744004722686022766462576533799825,48,647868122.085692800279372437,0.87017687791905519049933231454120917413
2023-02-13,DAI,10677,1249920491.880280029349724178,2783,4000,93532836.049383868238435782,77069136.144912938349747777,16463699.904470929888688005,117066.63780839936586585409553245293621803877,242,870991254.975151084461832656,0.69683732736064017489639264412437064088
2023-02-14,DAI,8583,492830702.461884485252668957,2645,3218,35490295.11772229852714043,46796183.73785456665488317,-11305888.62013226812774274,57419.39909843696670775590784108120703716649,121,278129970.739998594594160452,0.56435195565257860508908011183679169995
2023-02-15,DAI,12646,682491460.538082537138635938,2999,3599,41613232.07377914431078923,43305499.93088697722612713,-1692267.8571078329153379,53968.95939728629899878506547524909062154041,86,466386288.475461539480989899,0.683358423426658415958076997896677974
2023-02-16,DAI,10908,623917258.017124864571940683,2832,3572,70667191.949692164947311341,64876950.19970674935835858,5790241.749985415588952761,57198.13513174962088118268087642097543087642,127,369562249.445457609292177628,0.59232573662085511869279063629823830573
2023-02-17,DAI,10012,850487992.899374351816943856,3022,3200,16626978.670930881137050445,37691475.470010409094629523,-21064496.799079527957579078,84946.86305427230841160046504194966040751099,90,637191051.639733320049171192,0.74920640498110206733193921861205976165
2023-02-18,DAI,12020,3403469528.182691603944744045,2477,2862,394599167.578251130131012872,381477477.698570187280027371,13121689.879680942850985501,283150.54311004089883067754118136439267886855,182,3241333937.523940766123057308,0.95236167407518281278725777889352889007
2023-02-19,DAI,7845,287462079.037188478077720583,2291,2353,23958509.518153892802652818,22371218.818590720549727682,1587290.699563172252925136,36642.71243303868426739586781389420012746973,73,177111224.708394545995265727,0.6161203081171689759594758151395770697
2023-02-20,DAI,8797,452445363.446255697068167808,2547,2677,25459497.716584531014677644,22537206.045976764844775535,2922291.670607766169902109,51431.77940732700887440807184267363874047971,94,236548939.029058985484297319,0.52282321389543370726062840075199854647
2023-02-21,DAI,8768,2074638057.613959450134003815,2669,2869,134214034.875540149754571584,196242018.713902512645713032,-62027983.838362362891141448,236614.74197239501027988182196624087591240876,167,1840068071.254172087169470601,0.8869345014187360337107450445282832158
2023-02-22,DAI,10798,373188881.926122441805579704,2652,2968,29177392.908908683554906254,19592629.935363005434766059,9584762.973545678120140195,34560.92627580315260285050046304871272457863,96,203767953.271795760177400025,0.54601828495023133566725148096885469791
2023-02-23,DAI,13441,522272017.500033389576902602,2584,2896,48282986.50046057157710017,59863782.63215823972780485,-11580796.13169766815070468,38856.63399300895689136988334201324306227215,88,370683630.306178666475114223,0.70975204086279611592394772701359212881
2023-02-24,DAI,8247,602715156.318843633678135547,2703,2707,23380572.503321242998530321,22841031.390335713049551067,539541.112985529948979254,73082.95820526781055876507178367891354431915,87,427279432.43005863434278884,0.70892432013775779036036768258939633227
2023-02-25,DAI,6573,819633107.344754992936505961,2168,2233,18815203.298033078646026581,21094848.593472632171183725,-2279645.295439553525157144,124696.95836676631567571975673208580556823368,87,679656950.213033891416257703,0.82922095767314560905218495534655031405
2023-02-26,DAI,6152,465947034.542521116508527812,2240,2270,36865596.55886148435307245,31052113.128425920674721154,5813483.430435563678351296,75739.11484761396562232246618985695708712614,55,370898472.983749677239042461,0.7960099442373475298042260206285757573
2023-02-27,DAI,7638,613530274.967360644764578495,2560,2824,77396124.769490618707900442,72812578.514592969857470366,4583546.254897648850430076,80326.03757100820172356356310552500654621629,173,454612308.235573731025259314,0.74097779161714353605029416491824329967
2023-02-28,DAI,8208,816597799.554064797944963026,2746,2782,67412588.906375561138102291,73792257.445338306377096774,-6379668.538962745238994483,99488.0360080488301589867234405458089668616,106,644481768.869333129279275226,0.78922790291778600632329799773586688881
2023-03-01,DAI,8007,836161579.018995198879412679,2716,2856,60130965.66881406213304199,71318352.9233043533320372,-11187387.25449029119899521,104428.82215798616196820440601973273385787436,139,690193847.715060278742709236,0.82543119061367569618471081409906706021
2023-03-02,DAI,7467,681598063.500202519817936441,2400,2593,43509249.27336080631360813,34745906.343004472849120447,8763342.930356333464487683,91281.37987146143294735990906655952859247355,93,479116130.754712479884284391,0.70293059269316736036857918124333931585
2023-03-03,DAI,9284,1409286831.971035071386947277,2823,3009,31000180.258182844142927581,42497765.96350008978209656,-11497585.705317245639168979,151797.37526616060656903783681602757432141318,101,1196387620.638391189608167478,0.848931242027655887748256995253206786
2023-03-04,DAI,5736,200991940.327174384457591915,1893,1939,10466454.194496154604500874,5330324.635066930746818794,5136129.55942922385768208,35040.43590083235433361086384239888423988842,34,136623857.55254828420417205,0.67974794078883048788061252159849583592
2023-03-05,DAI,6014,197941114.569064743890016053,1751,1903,17554409.57745822260555067,24521093.678495802611958912,-6966684.101037580006408242,32913.38785651226203691653691386764216827403,56,113673536.058730776500785635,0.57427955938415364338391556639190633962
2023-03-06,DAI,6706,848088427.82216460059233794,2230,2361,20503555.899666979576424715,25464469.254578948395322047,-4960913.354911968818897332,126467.10823473972570717833880107366537429168,76,713753537.92916821166663021,0.84160273211372596357918266936295598021
2023-03-07,DAI,7868,369668901.299988176839647995,2237,2488,18445353.313999947332283578,30707856.172866925711605311,-12262502.858866978379321733,46983.84612353688063544077211489578037620742,86,195124058.582574902144127398,0.52783465933000067273428499929380265122
2023-03-08,DAI,7408,752435602.726413338857017348,2416,2477,26862519.011349213409572077,40434167.418098449063903198,-13571648.406749235654331121,101570.68071360871204873344330453563714902808,88,584651110.097011513625236443,0.77701149171910130004094673510476473755
2023-03-09,DAI,10182,1302141072.690263258261445164,3109,2884,41461721.968664394713135591,83383535.691038876896844633,-41921813.722374482183709042,127886.57166472827128869035199371439795717934,142,994881229.552040397551167028,0.76403490406502988736520617428532639414
2023-03-10,DAI,17600,3509289799.242790388503836647,4049,4552,368758420.168074855911083927,209708474.316806903983636676,159049945.851267951927447251,199391.46586606763571044526403409090909090909,549,2550972132.955913180268202223,0.72691976977972688853795708929252984771
2023-03-11,DAI,59920,15626744545.518151660273160108,11076,10383,1444208118.283346523649446026,767392029.238638260762090551,676816089.044708262887355475,260793.46704803323865609412730307076101468625,2440,10548730076.932737030724111186,0.67504335571660566843950967993381426509
2023-03-12,DAI,25239,7032787628.209198671963410053,5060,4752,795672386.375778002824724273,210109929.81353935954031527,585562456.562238643284409003,278647.63374972061777263005875827092991005983,757,5287593546.671220504525676216,0.75184888641627196253084743271501122159
2023-03-13,DAI,22226,5997451221.888372343420879077,6495,4990,341208988.554456967163114763,418246446.87503850659928066,-77037458.320581539436165897,269839.43228148890234054166638171510843156663,726,4844564986.409885731118291591,0.80777063575425195417136906642237440511
2023-03-14,DAI,14577,3640253932.44865926747638961,3707,3981,326348691.594938709295817732,566598611.837384745473331293,-240249920.242446036177513561,249725.86488637300318833707964601769911504425,282,3043600588.502542897451930725,0.83609568040634721906005908393248899023
2023-03-15,DAI,12237,2676282596.112687612929507187,3010,3351,28174904.475971231030711315,272699111.283848649131772946,-244524206.807877418101061631,218704.14285467742199309530007354743809757293,243,2238567334.233383967550736104,0.83644654622232831009816544403521592322
2023-03-16,DAI,9888,1528332984.476189161486937939,2766,3346,115206714.485087607245550566,345641307.186044741134530224,-230434592.700957133888979658,154564.419951070910344552785093042071197411,139,1144897972.916515882229148056,0.74911552949890086673691976658882661255
2023-03-17,DAI,10961,1260598005.659945090651087412,2918,3523,12640437.868253397375687657,118385168.391651112280248604,-105744730.523397714904560947,115007.57281816851479345747760240853936684609,192,887964168.725899149318780323,0.70439915400392402316637919872235357428
2023-03-18,DAI,9968,726426388.159343858899571309,2714,2902,22259350.146992708668733464,51510635.697096248701056142,-29251285.550103540032322678,72875.84150876242565204367064606741573033708,89,532940432.64344709054004279,0.73364685167046130230245722124083476045
2023-03-19,DAI,8822,356945321.661553395465289085,2479,2541,10312165.03800187884548807,31808993.515501327414980921,-21496828.477499448569492851,40460.81632980655128828939979596463386987078,35,145029815.272573927124893802,0.40630821156997138549226192514052307121
2023-03-20,DAI,10267,991400472.096835904333569241,2769,2878,26554156.844779129661586546,36810064.715333373053053148,-10255907.870554243391466602,96561.8459235254606344179644492061946040713,100,726885549.383451670507443882,0.73319064277432832568338830120216832234
2023-03-21,DAI,11729,774374525.057457424369000773,2625,3471,41603966.73104206635244962,53970134.402081598108260363,-12366167.671039531755810743,66022.2120434357084465001937931622474209225,124,543763039.771793724895220731,0.70219644652107754406958935283851718197
2023-03-22,DAI,10500,1122234410.60399999483137296,2961,3401,134424171.813840401918822999,226133443.123636039363759274,-91709271.309795637444936275,106879.46767657142807917837714285714285714286,141,863877780.011839396699579845,0.76978372062828659247653945714900868048
2023-03-23,DAI,8808,339806787.582116640917801137,2740,2931,12361302.528795937499032317,23872974.762541410674620621,-11511672.233745473175588304,38579.33555655275214779758594459582198001817,51,143225614.064685990018305968,0.42149132771538454925752327032089711457
2023-03-24,DAI,8645,643275481.037474932910250608,2988,2832,20614026.040842828616079295,60930482.006454134328083313,-40316455.965611305712004018,74410.1192640225486304511981492192018507808,148,459141843.811995110105684891,0.71375617032922034457010487699327431958
2023-03-25,DAI,6876,182505963.758157580101746056,2046,2272,4067299.94707348443095857,5661289.379692230446162627,-1593989.432618746015204057,26542.46127954589588448895520651541593949971,33,105375259.702192512206938483,0.57737981560880631831943780906502261497
2023-03-26,DAI,9216,234000245.765120984054090881,2362,2510,6148267.561797001625288492,13297221.253654662768807372,-7148953.69185766114351888,25390.65166722232899892479177517361111111111,39,108831304.111622579564200087,0.46509055473754754679485351991406230417
2023-03-27,DAI,13524,769945720.784023411518678525,3089,3730,28900892.276600434639340048,116387742.913419423320213343,-87486850.636818988680873295,56931.80425791359150537404059449866903283052,112,572333861.595995192780625497,0.74334312945229019066236287669974446267
2023-03-28,DAI,12305,360928782.909984330720906391,3173,3524,23245123.359476364236808926,51505913.268192715775628715,-28260789.908716351538819789,29331.87996017751570263359536773669240146282,72,171859019.392852144342019165,0.47615770071658097285750843487196179999
2023-03-29,DAI,8482,468093824.512251670228902709,2406,2788,6826416.084060872655751083,21326574.248484217467172643,-14500158.16442334481142156,55186.72771896388472399230240509313841075218,74,278975485.913198212926983608,0.59598198332115880799227543701439968608
2023-03-30,DAI,7311,2183960433.443424099659005735,2251,2518,403872361.704722131239790226,411515574.661792650016019875,-7643212.957070518776229649,298722.53227238737514143150526603747777321844,39,2057545874.912821619640501582,0.94211682748698603077599161556039061029
2023-03-31,DAI,8074,2158320866.67361324694638266,2625,2661,303402502.682989910020386049,302531053.720920725245405163,871448.962069184774980886,267317.42217904548513083758484022789199900917,101,2022797858.22727547306527988,0.93720905425188019238800351952091713285
2023-04-01,DAI,6620,176911252.387188427442592816,1999,2439,13731025.060358166926800686,12807689.781998392392646684,923335.278359774534154002,26723.7541370375268040170416918429003021148,32,88695157.19506431471949876,0.50135396136897987034159373781788821504
2023-04-02,DAI,5898,1169100088.449472733509030797,1930,2056,231924900.512697144666190295,220722334.146401770835655569,11202566.366295373830534726,198219.75050008015149356235961342828077314344,26,1061916937.124690286158112679,0.9083199527707376531182465141830053658
2023-04-03,DAI,7571,877387584.631982940013375083,2378,2494,98318784.828168242716038798,116213450.807938193816048842,-17894665.979769951100010044,115887.93879698625545018822916391493858142914,58,705701883.288439882791410264,0.80432171100807631573680664324610460523
2023-04-04,DAI,6945,1463317116.173931093836721616,2238,2254,253518138.778406443075352857,253026528.547895916629672146,491610.230510526445680711,210700.80866435292927814566105111591072714183,78,1301202694.46941117492402788,0.88921442938602867853390136843506796903
2023-04-05,DAI,6137,1797267942.88155456151700436,2163,2206,318775941.216918435701029054,327310302.111774029555686496,-8534360.894855593854657442,292857.73877815782328776346097441746781815219,67,1662353066.424537105989599706,0.92493335398799312066195094605577623624
2023-04-06,DAI,5830,1423227918.844576084519179471,2112,2032,270183830.513038401701032146,268894298.023239800051252631,1289532.489798601649779515,244121.42690301476578373575831903945111492281,48,1288067268.221196687637605709,0.9050323220660909159482393260727816713
2023-04-07,DAI,5402,309519738.209314560755724439,1874,1828,60789303.334351142824545484,63552315.155456770270083833,-2763011.821105627445538349,57297.24883548955215766835227693446871529063,43,189162383.780830444313864889,0.61114804786022485945398243205806230251
2023-04-08,DAI,4798,1342170329.391381026404140408,1639,1651,230001219.428652103209267255,234324276.079778886586283375,-4323056.65112678337701612,279735.37502946665827514389495623176323468112,72,1226201983.990994089333773109,0.91359640213997741544851192267471933344
2023-04-09,DAI,4424,2175014392.965863578041055554,1566,1558,407686018.52313883667255435,415456893.53224184496522799,-7770875.00910300829267364,491639.78141181364783929827169981916817359855,31,2052590452.278887346746734952,0.94371350319202340519870368016590437956
2023-04-10,DAI,6050,470300875.444576647225480579,2029,2083,67196902.372774043486791068,80763225.157526780618260253,-13566322.784752737131469185,77735.68189166556152487282297520661157024793,80,322284822.541967123552271549,0.68527370321671299919311495663841288315
2023-04-11,DAI,6875,1806219323.983811247915329672,2174,2251,329831075.215380851039201304,341633772.468548689905819026,-11802697.253167838866617722,262722.81076128163606041158865454545454545455,102,1527740272.16961007985278952,0.84582212795731493601826773230165011202
2023-04-12,DAI,9051,2741025872.195949721113149805,3200,2726,494700668.339959009996105292,517838085.685160261693077748,-23137417.345201251696972456,302842.32374278529677529000165727543917799138,123,2359695266.375097229063430369,0.86088033327633179226195122048971624811
2023-04-13,DAI,7106,1985790489.0897208693135083,2130,2237,328091440.199069856833587108,340472253.103388227113863922,-12380812.904318370280276814,279452.64411620051636835185758513931888544892,220,1685818667.367406421203777266,0.8489408508246907562220863480794347076
2023-04-14,DAI,8756,587522465.449525343364460889,2431,2575,103731695.641566502683461078,99869386.767188978116397559,3862308.874377524567063519,67099.41359633683683924861683417085427135678,110,373164855.694057646267252922,0.63514993491958074094173301455441500993
2023-04-15,DAI,5369,493673187.939374912906543428,1757,1773,42114303.399814124403712408,28664393.699951438156452032,13449909.699862686247260376,91948.81503806573158996897522816166883963494,120,368124476.118713681966147105,0.74568456442872662881761544108023661253
2023-04-16,DAI,5061,288594284.535322989868070656,1662,1617,31837452.09516635195522961,43328718.209627249601918004,-11491266.114460897646688394,57023.17418204366525747296107488638608970559,73,179706060.163557624464943095,0.62269445305512346211684303194466974604
2023-04-17,DAI,6229,1120861585.002542914058485045,2339,1848,65602944.582225892984074245,198217660.558909489624869604,-132614715.976683596640795359,179942.46026690366255554423583239685342751646,127,957435043.924174086006550031,0.85419560874860560056072134073663622045
2023-04-18,DAI,5197,1593512392.786999957712486089,1837,1760,295921849.45740824876736376,314076706.375956548800282315,-18154856.918548300032918555,306621.58799057147541129230113527034827785261,124,1380667789.095340770352438128,0.86643053128730233236148209204414628171
2023-04-19,DAI,5397,518128940.168944506651584272,1735,1687,78345279.053526201241255398,84539231.495213906195520252,-6193952.441687704954264854,96003.13881210756098787924254215304798962387,96,338471663.184144099229074477,0.65325759081085070799776749193087896943
2023-04-20,DAI,6018,485008089.288593273302816805,1849,1767,71334750.21626440738168863,77879087.480532860617993809,-6544337.264268453236305179,80592.90283958013846839760800930541708208707,85,280008650.96389782827709242,0.57732779544896396567063615764252266446
2023-04-21,DAI,6658,900815125.693262933330246758,2068,1967,86357090.129662012055948158,130002914.819602219776668566,-43645824.689940207720720408,135298.15645738403925056274526884950435566236,188,687459029.981208820697008634,0.76315218336519793612465062491007786502
2023-04-22,DAI,4116,543664198.032746727032851862,1541,1434,71374411.650997670870800257,98434578.423616110202478059,-27060166.772618439331677802,132085.56803516684330244214334305150631681244,128,434501527.483375129635927273,0.79920938155505255134723735352245248336
2023-04-23,DAI,3575,112394200.955827215853057781,1372,1314,12114766.917557068705690599,14048407.200222896252967979,-1933640.28266582754727738,31438.93733030131911973644223776223776223776,21,45585970.4,0.40559005724784717363625451354363435408
2023-04-24,DAI,4574,233276763.662373357435426034,1664,1633,34570884.882108366107451996,23629800.01237080775067661,10941084.869737558356775386,51000.60421127532956611850327940533449934412,31,107115343.561655593302927037,0.45917708167747907259333145329434106461
2023-04-25,DAI,6058,313824382.509523864446620022,1986,2283,22339807.505743396244910656,23866082.926899619282188063,-1526275.421156223037277407,51803.29853244038700010234763948497854077253,65,154325780.280829572389799228,0.49175841292747905566130739510234676575
2023-04-26,DAI,8004,718930023.378824512729435584,2143,2563,109043697.986020479722537465,105329543.376579468680874836,3714154.609441011041662629,89821.34225122745036599644977511244377811094,121,463308363.101392059361915922,0.64444152843128907884171103608470297312
2023-04-27,DAI,7212,1471887435.890658298554734918,2000,2390,235549267.668684190676614683,245514155.679212133732027583,-9964888.0105279430554129,204088.66276908739580625830809761508596783139,96,1228377696.712088484905850523,0.83455953679554381671917987193502832598
2023-04-28,DAI,5815,623999540.135193960248306831,1786,2155,30298069.231380234162202581,80667203.65252330066567303,-50369134.421143066503470449,107308.6053542895890366821721410146173688736,109,493090116.482295050885642973,0.7902091023584144836285444402778395982
2023-04-29,DAI,5007,258929476.260647223282579424,1488,1737,22224327.466910178565457089,21588675.250358679130043519,635652.21655149943541357,51713.49635722932360347102536448971439984022,92,160494513.924996392416210822,0.6198387153243115217360877535755746292
2023-04-30,DAI,4934,158328820.767272996666960826,1517,1672,11728903.616322436135367705,8440766.790414609484005342,3288136.825907826651362363,32089.34348748946020813960802594244021078233,34,64699559.299634820808812569,0.4086404419997322301547287653522158293
2023-02-01,PAX,171,143539354.475223346362763899,89,92,0,62768998.78,-62768998.78,839411.42967966869217990584210526315789473684,22,135848102.921233078827988058,0.9464171231498893781400019573463593904
2023-02-02,PAX,182,30152132.903636120903949369,115,96,8785202.88,0,8785202.88,165671.0599100885763953262032967032967032967,13,28399463.221851,0.94187244771749589575470642844017484527
2023-02-03,PAX,111,85282090.182255059128739293,64,67,18011504.02,16940834.75,1070669.27,768307.11875905458674539903603603603603603604,27,83878252.428057281684550757,0.9835388913287929844356171584822542895
2023-02-04,PAX,152,16277490.826425161807893321,82,84,0,0,0,107088.755437007643472982375,6,15871874.14,0.97508112947195297311304674597217433126
2023-02-05,PAX,78,26663550.649284829178019994,56,55,0,12142319.66,-12142319.66,341840.39293954909202589735897435897435897436,4,22205447.996055402212,0.83280161326342325028283048540585477974
2023-02-06,PAX,148,172880488.306810738927500692,95,94,0,0,0,1168111.407478450938699329,30,169486591.6097393902920267,0.98036853822943740566361253342083353184
2023-02-07,PAX,90,39189082.272969741314202418,59,56,25000000,9277704.87,15722295.13,435434.24747744157015780464444444444444444444,5,38741702.86,0.9885840803861253833315275327153681009
2023-02-08,PAX,92,45967101.059589860053829432,70,58,36000000,0,36000000,499642.40282162891362858078260869565217391304,4,43911144.052272565007644987,0.95527329416201302525843417180394662602
2023-02-09,PAX,237,136096401.572175955739147426,159,93,5191152.01,99000000,-93808847.99,574246.42013576352632551656540084388185654008,13,128838040.05341973,0.94666749866338749975532555690089866711
2023-02-10,PAX,256,107694136.058052328571510686,146,117,46000000,8000000,38000000,420680.2189767669084824636171875,9,98706329.82656768,0.91654321618180039128801751866705743567
2023-02-11,PAX,105,48416904.027792171390573841,67,61,0,0,0,461113.3716932587751483222952380952380952381,10,42048405.383067144890773995,0.86846538884292572604952287708013009735
2023-02-12,PAX,102,2468593.134284134173848108,72,63,0,0,0,24201.89347337386444949125490196078431372549,0,0,0
2023-02-13,PAX,718,250114386.424852190621441783,274,241,4113.31,30000000,-29995886.69,348348.72761121475016913897353760445682451253,67,192341700.96272579031676986,0.76901494437032545013388755381204350048
2023-02-14,PAX,378,266389378.557073704760423883,168,169,0,82339437.41,-82339437.41,704733.80570654419248789387037037037037037037,21,228790199.293447069998164992,0.85885631226257378126081867719959569521
2023-02-15,PAX,403,136457173.291708726392307937,181,158,10765997.86,10268369.64,497628.22,338603.40767173381238786088585607940446650124,22,111041585.06232839,0.81374677771575521256542913437473877412
2023-02-16,PAX,383,252624806.783714549843057136,144,148,52000000,72273343.63,-20273343.63,659594.79577993355050406562924281984334203655,35,204720171.615039978754354891,0.81037240254205018999945451132250743683
2023-02-17,PAX,329,133427268.954547583534422551,144,136,0,32292906.96,-32292906.96,405554.00898038779189794088449848024316109422,28,94670650.669999999977455616,0.70953000396230738420025091557762900782
2023-02-18,PAX,143,30078099.481003969667131073,79,79,0,7017400,-7017400,210336.3600070207669030144965034965034965035,8,18516718.020000000008912896,0.61562127725837067814980853935327452826
2023-02-19,PAX,143,26773872.228973401662808597,88,76,0,0,0,187229.87572708672491474543356643356643356643,7,11642202.380000000004980736,0.4348344640041034640688902547400719931
2023-02-20,PAX,200,76519102.674096245054838715,100,98,0,15690023.85,-15690023.85,382595.513370481225274193575,25,62647236.252748730001835008,0.81871368146553669109830145911044162032
2023-02-21,PAX,237,75415287.534387565939017877,124,129,0,5522996.51,-5522996.51,318207.96428011631197897838396624472573839662,9,58962480.12279916612281386,0.78183723818481347752143702918335569512
2023-02-22,PAX,308,314316330.851570025409058824,138,143,125000000,129787319.37,-4787319.37,1020507.56769990267989954163636363636363636364,18,279588394.092492649946784768,0.88951278266391767494864098895712535194
2023-02-23,PAX,222,155179897.78745222123773579,98,100,15959997.35,0,15959997.35,699008.54859212712269250355855855855855855856,20,122648673.915159300047710208,0.79036444580695308497139257725275468143
2023-02-24,PAX,211,152925435.444337364334748653,113,102,50454113.83,28000000,22454113.83,724765.09689259414376658129383886255924170616,20,137401361.108951169218993115,0.89848598900320455504088800468112694463
2023-02-25,PAX,76,4003321.675726976953923227,59,50,0,0,0,52675.28520693390728846351315789473684210526,3,3246932.38,0.81105957577350523054181311832966913573
2023-02-26,PAX,66,49202456.488381403555798276,53,50,3947033.22,0,3947033.22,745491.76497547581145148903030303030303030303,6,45208186.91176162603973543,0.91881971223199031701062494690468078018
2023-02-27,PAX,213,130474350.874972637567310205,121,121,49300000,55562442.5,-6262442.5,612555.63791066965994042349765258215962441315,12,118965126.26,0.91178937057137475316279882424594752992
2023-02-28,PAX,191,116976205.276245324421956503,110,104,47000000,19680456.23,27319543.77,612440.86532065614880605498952879581151832461,9,107733570.22497468,0.92098705006335530860167430884931819378
2023-03-01,PAX,250,270236255.184429744452147462,115,113,77881997.95,76915657.48,966340.47,1080945.020737718977808589848,37,253557262.092660330054525952,0.9382799577340708678228964512353753435
2023-03-02,PAX,220,265043141.312172854798510699,128,122,57173481,48623540.38,8549940.62,1204741.55141896752181141226818181818181818182,30,254238879.544179454460481978,0.95923583717539804112266611746783773062
2023-03-03,PAX,174,265682316.587074617982549886,109,107,128596461.86,110140140.89,18456320.97,1526909.86544295757461235566666666666666666667,6,259520172.8171236,0.97680634583020342113700490236753354567
2023-03-04,PAX,79,81184451.489944944716300765,59,50,4633895.81,0,4633895.81,1027651.28468284740147216158227848101265822785,10,75576472.200000000008912896,0.93092298849072697280037252429086493895
2023-03-05,PAX,103,30597488.425962483530763736,75,64,9188963.28,0,9188963.28,297062.99442682022845401685436893203883495146,3,27173872.830000000006029312,0.88810795355812642086780462296189987048
2023-03-06,PAX,193,28943195.991569198989609156,102,88,0,3151330.59,-3151330.59,149964.74607030673051610961658031088082901554,4,9668159.011814790010747904,0.33403909556605314614033047913786004424
2023-03-07,PAX,185,521997257.591381587536144229,97,96,71000000,85670062.91,-14670062.91,2821606.79779125182451969853513513513513513514,25,509014078.40665656,0.97512787855508575427119712832836845368
2023-03-08,PAX,118,150441702.231350677559179233,77,77,30000000,80009991.46,-50009991.46,1274929.67992670065728117994067796610169491525,5,147444463.76283062,0.98007707687386522790742880447900713638
2023-03-09,PAX,146,171486169.40141561847027091,81,90,80000000,81222520,-1222520,1174562.80411928505801555417808219178082191781,3,164763654.11698895,0.96079849874837093363264107235135761295
2023-03-10,PAX,826,549724871.882101287061869211,181,288,157634172.99,70000000,87634172.99,665526.47927615167925165764043583535108958838,64,463626244.601619731143919239,0.84337869417167828947386891382349270483
2023-03-11,PAX,8004,2492398063.342328165255254485,953,1194,0,0,0,311394.06088734734698341510307346326836581709,376,1827026137.421133229331116932,0.73303946279394664052632422338733108042
2023-03-12,PAX,1794,411867245.702873506084104139,354,372,46000000,31335218.97,14664781.03,229580.40451665189859760542865105908584169454,40,302351777.703733017471492956,0.73410007923245637308389916016457740171
2023-03-13,PAX,1125,570865003.147830009648906533,405,387,2,1,1,507435.55835362667524347247377777777777777778,67,455015704.335708356934229789,0.79706358215460344114582683084441429719
2023-03-14,PAX,460,158833843.312679143154244853,222,196,0,7000000,-7000000,345290.96372321552859618446304347826086956522,20,115578631.28795917476075706,0.72767005367006026467671156972316094055
2023-03-15,PAX,387,146282884.417114056555224304,198,176,0,5000000,-5000000,377991.94939822753631840905426356589147286822,22,121397471.683355114803344511,0.82988158298273529570926964714709679982
2023-03-16,PAX,336,214489583.238094290124266403,129,146,0,21857151.74,-21857151.74,638361.85487528062536984048511904761904761905,18,170745563.077969982392460714,0.79605526991226314241572810476379762352
2023-03-17,PAX,354,175405796.839088483544729368,190,156,0,0,0,495496.60124036294786646714124293785310734463,27,149726210.03668617341005,0.85359898438271159551101379003415298534
2023-03-18,PAX,214,40105138.428021531876856411,120,101,0,0,0,187407.18891598846671428229439252336448598131,17,26682703.470371162572715561,0.66531882238132134168335886952147413977
2023-03-19,PAX,177,56151322.511360914963145783,99,88,0,0,0,317239.11023367748566749029943502824858757062,14,47888622.28448867,0.85284941017728514541410535367503382482
2023-03-20,PAX,281,171054983.21076707931813465,152,142,0,50000000,-50000000,608736.59505611060255563932384341637010676157,24,148877649,0.87034967473913894148142535653613923891
2023-03-21,PAX,407,93519214.611373743617455419,185,171,0,0,0,229776.94007708536515345311793611793611793612,7,56896159.783435517703909376,0.60839005139074216775961405377047537842
2023-03-22,PAX,269,134405981.512793465319064814,151,135,0,0,0,499650.48889514299375117031226765799256505576,17,116424377.656992556299331232,0.86621425881935674284143640447726773273
2023-03-23,PAX,238,33843719.411895821628115889,133,114,0,0,0,142200.50173065471272317600420168067226890756,7,15416562.015112990643536192,0.45552209635960346124300188708031955561
2023-03-24,PAX,218,99368424.353263462345446433,120,120,15000000,0,15000000,455818.46033607092819012125229357798165137615,10,77452674.808415106962297152,0.77944956169440763269517140418904909179
2023-03-25,PAX,126,17520816.471283413498604899,79,72,0,0,0,139054.09897843978967146745238095238095238095,5,15104672.14312629319705588,0.86209864522482862116558310678209555719
2023-03-26,PAX,109,10573315.248709892847284384,77,63,0,0,0,97002.89218999901694756315596330275229357798,2,3137798,0.29676576609998076407744625426468220826
2023-03-27,PAX,275,34766388.510561894325693968,146,141,0,15000000,-15000000,126423.23094749779754797806545454545454545455,6,20446549.75,0.58811256003160688632737386886210443384
2023-03-28,PAX,185,49629610.074163181938435153,94,88,0,0,0,268268.16256304422669424407027027027027027027,14,36830130.000002349865784601,0.74209992673659651935042398525996392514
2023-03-29,PAX,247,11865928.75957778266871003,171,112,0,0,0,48040.19740719750068303655870445344129554656,0,0,0
2023-03-30,PAX,285,20163655.965476767406043553,162,137,0,0,0,70749.67005430444703874930877192982456140351,1,11684808.33023449,0.57949849720907019079262962754160075031
2023-03-31,PAX,167,32914473.14706361109310604,101,85,0,0,0,197092.65357523120415033556886227544910179641,3,27598943.19999999,0.83850478410170652075024223621803381837
2023-04-01,PAX,125,11671346.610726425200035248,85,82,0,0,0,93370.772885811401600281984,1,8673597.66,0.74315312099707703269236380393145895219
2023-04-02,PAX,171,100628638.703425330145921398,83,76,0,0,0,588471.57136506041021006665497076023391812865,7,67000049.242518028200008704,0.66581492213148057100396246748626852398
2023-04-03,PAX,158,22173010.263109115938687929,89,79,0,0,0,140335.50799436149328283499367088607594936709,0,0,0
2023-04-04,PAX,255,156751136.011953416695113296,102,90,0,0,0,614710.33730177810468671880784313725490196078,13,104306797.968640496312890796,0.66542929526639183441347457218219966448
2023-04-05,PAX,177,49420557.808211522621048503,104,93,0,0,0,279212.19100684476057089549717514124293785311,5,40999869.673023211444781056,0.82961163312104172067282151207465920037
2023-04-06,PAX,137,242993619.060252051946474295,77,68,40886376.12,0,40886376.12,1773676.05153468651055820653284671532846715328,14,233393969.392679457285553242,0.96049423147530350974530878155772460422
2023-04-07,PAX,176,271085939.412394093078106056,82,68,44741943.49,0,44741943.49,1540261.01938860280158014804545454545454545455,12,230238212.36240173,0.84931816405331128591096934952689301258
2023-04-08,PAX,74,15908403.308684447989258019,49,50,0,0,0,214978.42309033037823321647297297297297297297,1,1243562.530343917428526113,0.07817016618286592507994550418359746505
2023-04-09,PAX,108,42217114.672304193115326258,51,52,0,0,0,390899.2099287425288456135,2,10025741,0.23748048813428772142605204544082444874
2023-04-10,PAX,187,256364954.450282824809664455,100,89,42148783.5,0,42148783.5,1370935.58529563007919606660427807486631016043,23,235914319.897510077361793875,0.92022843139139454999262588892354169264
2023-04-11,PAX,485,452412183.469014468993365326,125,126,44433122.68,0,44433122.68,932808.62570930818349147489896907216494845361,42,299989785.53436542,0.66308953758516894898569923354798897755
2023-04-12,PAX,584,430475822.678143424682975344,112,123,0,0,0,737116.13472284832993660161643835616438356164,79,241963328.602736906558413233,0.56208343385558067827099265922268261128
2023-04-13,PAX,425,540934000.501250947564115405,129,128,48109394.27,0,48109394.27,1272785.88353235517073909507058823529411764706,104,482028016.55289,0.89110319578030532142130188434084715896
2023-04-14,PAX,312,372007108.587630490227549322,125,117,35591048.49,0,35591048.49,1192330.47624240541739599141666666666666666667,63,348476613.52068130629367489,0.93674718970751520152826915215863022395
2023-04-15,PAX,210,80999694.592273091395949112,81,86,0,0,0,385712.83139177662569499577142857142857142857,32,51615624.131675898027988096,0.637232330214239276935494743347928071
2023-04-16,PAX,138,81892509.892492352879658905,79,64,0,0,0,593423.98472820545564970221014492753623188406,35,66949699.448535,0.81753141448987067094133916256596056643
2023-04-17,PAX,269,217980753.758568988563063482,126,118,0,17690719.21,-17690719.21,810337.37456717096120097948698884758364312268,46,175227054.116899310670596612,0.80386479583870602350738673481110742873
2023-04-18,PAX,246,304494962.959970802967261832,90,82,35465223.28,0,35465223.28,1237784.40227630407710269037398373983739837398,53,246868897.191799892241881075,0.8107487059621853644156303986029571373
2023-04-19,PAX,143,286439827.361144719994622497,93,79,35265720.38,0,35265720.38,2003075.71581220083912323424475524475524475524,28,271605370.189547137655330805,0.94821091288784283836550920261228210731
2023-04-20,PAX,306,285340415.540647146500555666,119,122,1512236.24,0,1512236.24,932485.01810669002124364596732026143790849673,53,225871092.46909170623551416,0.79158464825644739088929908934621926187
2023-04-21,PAX,218,148384780.319157948372013365,117,113,0,20009050,-20009050,680664.12990439425858721727064220183486238532,30,121278266.451202895693969756,0.8173228156576963128632338130319699776
2023-04-22,PAX,165,75261895.694533239314581744,67,68,0,0,0,456132.7011789893291792832969696969696969697,36,52707439.393,0.70032038000908983110600634833842867778
2023-04-23,PAX,108,45684009.079585474805271363,54,55,0,0,0,423000.08407023587782658669444444444444444444,17,28849452.8,0.63150002333949655782149546015717822759
2023-04-24,PAX,143,34893178.279166617139881644,92,82,0,0,0,244008.23971445186811106044755244755244755245,6,12706642.84,0.364158367527862908734331604954504706
2023-04-25,PAX,145,41430840.735598781526070855,82,90,0,6950000.25,-6950000.25,285729.93610757780362807486206896551724137931,10,34997989.358113355774063088,0.84473278207077024186998249224169595805
2023-04-26,PAX,215,68440274.70850134908975361,97,94,0,0,0,318326.8591093086004174586511627906976744186,11,26983835.557982433322748312,0.39426837009218813485484810550227020072
2023-04-27,PAX,187,98413997.078658721053889184,86,86,0,0,0,526278.05924416428371063734759358288770053476,13,75788290.82838872,0.77009666387001740547249229010298032841
2023-04-28,PAX,144,149086623.247979633618668949,88,54,0,0,0,1035323.77255541412235186770138888888888888889,28,136116964.32,0.91300588446217025976490342550020921325
2023-04-29,PAX,61,16176767.736730477038805531,44,44,0,0,0,265192.91371689306620992673770491803278688525,1,12000000,0.74180455547699833804071803800788350615
2023-04-30,PAX,107,11093676.998672207884362184,61,60,0,0,0,103679.22428665614845198302803738317757009346,1,2642623,0.23820983793888114325688482546711090525
2023-02-01,USDC,102978,8831994481.206792,28769,40997,249402774.03,322084789.34,-72682015.31,85765.83815190421255025345219367243488900542,977,6997159623.232696,0.79225135818660672430031551581859385832
2023-02-02,USDC,117902,11263321607.643272,30540,44939,259117549.89,125138612.06,133978937.83,95531.21751660931960441722786721175213312751,1272,9168690044.944878,0.8140307419369983738201805908955561257
2023-02-03,USDC,91308,21174738679.673405,25836,37183,1632125332.16,1959020856.21,-326895524.05,231904.52840576296710036360450343891006264511,1257,19360222096.542782,0.91430748636003427899246950212410109314
2023-02-04,USDC,84269,5609122151.669972,21917,34577,48033187.84,11973016.46,36060171.38,66562.10648838804305260534716206434157282037,456,4591483624.93174,0.81857436881896817386204543268134252785
2023-02-05,USDC,78076,6213111140.029011,20905,30423,74786064.1,15236216.92,59549847.18,79577.73374697744505353757876940417029560941,612,5139186851.119738,0.82715192683576258953748052405110013089
2023-02-06,USDC,95523,8261622384.280743,24586,40024,212452472.43,409453981.92,-197001509.49,86488.30526973339405169435633302974152821833,1128,6530898576.101919,0.79051041942175370349392122495488848205
2023-02-07,USDC,115118,7906249277.10689,28238,48556,237010663.51,283288443.59,-46277780.08,68679.52255170251394221581333935613891832728,1204,5921265369.352364,0.74893481875126441921111177054410553249
2023-02-08,USDC,117121,9629662322.207891,26031,47069,207101232.82,440935195.68,-233833962.86,82219.77546475773772423391193722731192527386,1107,7905857044.582854,0.82099005967741945037889580870406776154
2023-02-09,USDC,116147,11466932698.817044,26671,45924,544602163.99,563193697.7,-18591533.71,98727.75619531321514976710547840236941117722,1144,9183383968.108748,0.80085792855975580041010744596329052004
2023-02-10,USDC,127277,41630617876.585835,28398,48022,4594818845.29,4690352873.93,-95534028.64,327086.73111862972100222349678260801244529648,1536,39669931626.659425,0.95290278285710594717777297438820048729
2023-02-11,USDC,90424,6439560626.365271,21876,32826,63591051.08,115359509.74,-51768458.66,71215.17104270183800760859948686189507210475,695,5517016709.136901,0.85673806479106194695459398126550823809
2023-02-12,USDC,95682,5954440509.48153,19233,31226,45437692.8,128146885.02,-82709192.22,62231.56402961403398758387157459083213143538,552,5056212025.979864,0.8491498097812253903729524250711952522
2023-02-13,USDC,112423,16658995735.602151,25538,42593,583652070.36,786623924.08,-202971853.72,148181.38401930344324559921012604182418188449,2235,13350598121.804844,0.80140473853853695912986446487753980943
2023-02-14,USDC,108536,25157272727.274307,32562,37353,2581608493.54,2481590190.18,100018303.36,231787.35836288703287388516252671924522738999,1471,22585623685.865862,0.89777711323134058948109485417040648652
2023-02-15,USDC,109795,14831889825.828801,27235,38363,864808195.75,529170738.53,335637457.22,135087.11531334578988114212851222733275650075,1350,12525883105.262503,0.84452374258130392211330175034175548132
2023-02-16,USDC,115080,11384118334.679155,28120,41199,365022465.95,144449563.36,220572902.59,98923.51698539411713590545707334028501911714,1571,8679147593.270963,0.76239084469386555182587209929732094037
2023-02-17,USDC,102982,10738572409.493749,25157,33428,431347712.12,141582375.43,289765336.69,104276.20758475994834048668699384358431570566,1222,8679990355.900195,0.80830021206789048328068978631130099024
2023-02-18,USDC,150571,7930264374.672837,20558,25380,61696210,86660815.68,-24964605.68,52667.9398733676272323355759077113122712873,625,6950041843.451197,0.87639472217947600599285240204222568184
2023-02-19,USDC,76441,5237733370.862823,20356,21437,45908766,1705574.42,44203191.58,68519.94833744748237202548370638793317722165,463,4053076592.403065,0.77382262620508172988382811982971286111
2023-02-20,USDC,82243,6679773572.983258,25928,27529,188017637.63,107614457.48,80403180.15,81219.96489650496698807193317364395754045937,830,5226241470.937897,0.78239799805127255430748930942905420336
2023-02-21,USDC,92910,10497638557.39169,26497,30745,358531576.18,160351264.36,198180311.82,112987.17637920234635668926918523302120331504,1207,8536998210.968397,0.81323034359544131966222178147541114188
2023-02-22,USDC,116656,10411100626.237816,26416,31743,286304926.02,445405627.51,-159100701.49,89246.16501712570292140995748182690988890413,1221,8431407982.63162,0.80984790036348124445907726493697613419
2023-02-23,USDC,151545,11098107436.402245,24741,30202,314732297.17,182818264.46,131914032.71,73233.08216306869246758388597446303078293576,1031,9386530172.926854,0.84577755502155729963509732273313345833
2023-02-24,USDC,77484,10352155072.566814,22896,27191,512293547.66,194350460.12,317943087.54,133603.77720002599246296009498735222755665686,1192,8582387850.230279,0.82904359431144787667009466753408356991
2023-02-25,USDC,61026,7078789734.738341,17967,20535,95046933.99,11747215.19,83299718.8,115996.29231374071707141218497034051060203848,609,6248384131.867268,0.88269102007706859082491813699939729243
2023-02-26,USDC,57971,4854885616.33119,17310,19131,120707935.36,28358449.49,92349485.87,83746.79781841248210312052578013144503286126,439,4033297532.390906,0.83077086694348248401183094652751994082
2023-02-27,USDC,77638,10946422233.699663,23286,27471,266807433.21,262204522.86,4602910.35,140993.09917436903320538911357840232875653675,1065,9374734453.536425,0.85641995652929969012961612394481827164
2023-02-28,USDC,80063,8508174373.730769,25434,29085,156192747.15,191309941.98,-35117194.83,106268.49323321345690268913230830720807364201,955,6942390790.193003,0.81596714938375411481614016860135220281
2023-03-01,USDC,88265,10347082911.340816,24777,31586,431142524.79,258803706.56,172338818.23,117227.47307925923072565569591570837817934629,1197,8664277797.477489,0.83736429597767063356066251640692871643
2023-03-02,USDC,84375,13105176545.561761,24248,30309,874135496.96,242937037.71,631198459.25,155320.61091036161185185185185185185185185185,1263,11343427866.128245,0.8655684894203004710315226498990182665
2023-03-03,USDC,86515,16291503740.775105,26639,29841,1444736234.61,980853933.88,463882300.73,188308.42906750395885106628908281800843784315,1517,14398081425.433426,0.88377854214876820407541943830288326818
2023-03-04,USDC,55371,6787165256.703571,16720,19586,307356500.33,72427325.22,234929175.11,122576.17266626159903198425168409456213541384,525,6064409693.0587,0.89351142394374186340637962409756154632
2023-03-05,USDC,52426,4112225376.334928,16301,18694,217385706.12,17325318.41,200060387.71,78438.66357026910311677411971159348414908633,516,3325467927.777514,0.80867842188683214660321357902210437661
2023-03-06,USDC,66298,9027928828.510599,22455,25372,321320810.93,544335232.76,-223014421.83,136171.96338517902500829587619536034269510392,1113,7720403100.360653,0.85516880416461394192133658742096891726
2023-03-07,USDC,75105,10502037777.684163,22952,27465,287109585.39,545024042.55,-257914457.16,139831.40640016194660808201850742294121563145,1235,8931548353.889572,0.85045860079348290962687596435037539473
2023-03-08,USDC,71431,7671310029.23466,21895,26369,167356676.48,112271633.58,55085042.9,107394.68898985958477411767999888003807870532,920,6275891574.205276,0.8180990665594830534571205121966466284
2023-03-09,USDC,89657,10569332424.466074,26755,31075,262228133.36,247250995.82,14977137.54,117886.3047443710362827219291299061980659625,1114,8544541486.543208,0.80842773634067513848240337790202068566
2023-03-10,USDC,149817,33095909131.213424,46012,44526,1032813977.7,1909259654.74,-876445677.04,220908.90306983469165715506250959503928125647,3321,27538387002.91493,0.83207827570879199626254034196785103537
2023-03-11,USDC,320819,53310535587.040707,95632,73442,56756528.07,1359450549.79,-1302694021.72,166170.13202784344755142307656342049566889742,8131,33726507176.752936,0.63264243747255720145946251256521238783
2023-03-12,USDC,121486,18967596110.007624,34077,28600,19017298.23,182645408.79,-163628110.56,156129.89241564973741830334359514676588248852,2916,13115674223.610086,0.69147793676869968801808672810138986594
2023-03-13,USDC,122791,31475611118.178422,34634,33818,502393134.44,1745714463.49,-1243321329.05,256334.83820620747448917265923398294663289655,3038,26398280508.996213,0.83869000699878872647505372949832579525
2023-03-14,USDC,95033,23614046752.032739,27623,27923,57478327.85,1004568918.83,-947090590.98,248482.59817150609788178843138699188702871634,2059,20163009428.000058,0.85385658967006112197904705278731752629
2023-03-15,USDC,79534,21470845339.89355,21107,25505,69742515.49,846769013.68,-777026498.19,269958.07252110481052128649382653959312998215,1859,18794894027.247105,0.87536814362523315250562491681961059538
2023-03-16,USDC,74589,16445690241.817586,20887,27178,191530465.71,741906498.4,-550376032.69,220484.12288430714984783279035782756170480902,1187,14475346613.017074,0.88019088284963656070934609079482105558
2023-03-17,USDC,77101,16939176218.716705,20940,24465,38011233.33,646132408.79,-608121175.46,219701.12214778932828367984851039545531186366,1487,14351674915.62992,0.8472475125308772835113295824455194018
2023-03-18,USDC,68582,9220833152.200629,16926,20618,6050230.47,22149238.46,-16099007.99,134449.75579890684144527718643375812895511942,721,7476341685.823634,0.81080977851110368350227532444593375546
2023-03-19,USDC,61622,5987969019.68246,17242,18274,230.98,23220300.11,-23220069.13,97172.58478599298951673103761643568855278959,554,4700158929.63094,0.78493374200526305669436333039390509938
2023-03-20,USDC,74910,16762372570.368846,21476,24088,8855434.58,738569596.03,-729714161.45,223766.82112359959951942330796956347617140569,1355,14514838962.033619,0.86591793023928883088314265239387149389
2023-03-21,USDC,76121,10742486563.737842,22384,24244,54435788.31,195625564.76,-141189776.45,141123.82343555447248459689179070164606350416,1101,8773567507.245284,0.81671663773461832931320500108899100101
2023-03-22,USDC,79531,15806815292.930599,21814,24899,17941368.81,508076911.97,-490135543.16,198750.36517748549622159912486954772352918988,1370,13440376180.201743,0.85028994969105406201816549833952201568
2023-03-23,USDC,80837,13218575315.137036,23023,27377,46058603.43,540589359.02,-494530755.59,163521.34932193223400175662134913467842695795,1227,10888225548.76742,0.82370643501186894474124449373676234333
2023-03-24,USDC,75865,14316547948.073311,20806,25941,112018398.4,606492283.77,-494473885.37,188710.84094211179068081460489026560337441508,1251,12526902669.540724,0.87499463662443616803890900921843505997
2023-03-25,USDC,60911,7302656467.988868,16521,20071,117.84,5000117.84,-5000000,119890.60215706305921754691270870614503127514,694,6484087510.291093,0.88790805629623069275709076666808530126
2023-03-26,USDC,68917,3985749117.148998,16479,19452,0,34764583.16,-34764583.16,57834.04845174627450411364394851778225981978,403,3142637099.843882,0.78846836754537297440552240296953090262
2023-03-27,USDC,84833,10949629901.473192,21144,27869,297026387.11,721011243.03,-423984855.92,129072.76533275013261348767578654533023705398,992,9312479172.186852,0.85048346437114980152490241534025967041
2023-03-28,USDC,82025,9285882031.520291,25629,26557,66001577,210490494.85,-144488917.85,113207.94918037538555318500457177689728741237,920,7781320388.094607,0.83797321155722714562942294729366693861
2023-03-29,USDC,68863,6371813501.731876,21273,23702,28741450.44,71993750.57,-43252300.13,92528.83989561703672509184903358842920000581,783,5057020815.221518,0.79365486981798920804557448555687680474
2023-03-30,USDC,66174,7829400479.58043,19818,23567,97686074.96,486559708.72,-388873633.76,118315.35768701347961435004684619336899688699,805,6497741098.070501,0.82991553631941799221561063983201734958
2023-03-31,USDC,71671,9122422598.04708,24387,27039,22486385.32,335187483.85,-312701098.53,127281.92153098296382079223116741778404096496,795,7760755890.40066,0.85073409031303544517375605703563126739
2023-04-01,USDC,57458,3184915150.515806,16935,20344,0,12000,-12000,55430.3169361238817919175745762121897733997,364,2470406302.654791,0.77565843543891639469578782659800040962
2023-04-02,USDC,51016,3500297168.08985,15005,18289,0,18123135.54,-18123135.54,68611.75254998137839109299043437352987298103,326,2823520961.514562,0.80665178581262799143136505687961972766
2023-04-03,USDC,66144,7356327833.798379,20230,25291,274785996.93,170979483.79,103806513.14,111216.85767111724419448476052249637155297533,838,5696746726.447564,0.77440087706179565015210771271063476494
2023-04-04,USDC,60705,7082454865.543357,19122,22491,72799501.83,45937784.54,26861717.29,116670.0414388165225269747137797545506959888,736,5551367039.008747,0.78381961401780894031664618135429064691
2023-04-05,USDC,60705,5550708710.863529,18634,22520,18232858.6,47921648.41,-29688789.81,91437.42213760858248908656618070999093979079,686,4179248314.186029,0.75292156945772414529166329222497342847
2023-04-06,USDC,59068,4464773696.917762,18230,23159,170730654.5,67962116.02,102768538.48,75587.013220656903907361007652197467325794,559,3325546804.838577,0.74484106711485835016049453334711731291
2023-04-07,USDC,57968,3058816749.777604,16994,22916,18169172.79,93171681.94,-75002509.15,52767.33283497108749654982059067071487717361,398,2247538249.096896,0.73477374846345625070978142653784426613
2023-04-08,USDC,45127,2941000963.833544,13262,16302,299800,0,299800,65171.64810055053515633656126044275045981342,263,2423288347.727566,0.82396720624288795210417556223400566263
2023-04-09,USDC,41605,3890977068.732754,12952,13865,46912384.55,25211717.99,21700666.56,93521.86200535401994952529744021151303929816,337,3191172734.343555,0.820146888036758043212274567125265042
2023-04-10,USDC,56043,6694641727.816278,18987,21517,157489112.12,330037823.53,-172548711.41,119455.44899124383063005192441518120014988491,619,5498856789.120819,0.82138178750821494368168588362180487605
2023-04-11,USDC,64297,7107767459.486304,21529,25930,148725283.21,141377608.32,7347674.89,110545.86465132594055710219761419661881580789,816,5567429162.986084,0.78328802886700740871970876743197216458
2023-04-12,USDC,59719,11678717031.199928,19531,21047,54863333.45,344481748.07,-289618414.62,195561.16196185348046685309532979453775180428,857,10114855770.020806,0.86609305996529968897978837961466221853
2023-04-13,USDC,55421,8194827202.827652,17217,20277,50013030.54,159458006.88,-109444976.34,147865.01872625272008805326500784901030295375,1040,6498880365.001871,0.79304666274835069346993682367193126423
2023-04-14,USDC,70595,8319287401.225596,20782,24109,92839496.66,205338395.89,-112498899.23,117845.27801155316948792407394291380409377435,1047,6388731692.986158,0.76794217880307526548820349287593066588
2023-04-15,USDC,47472,3534999699.560953,14663,16288,0,0,0,74464.94142991559234917425008426019548365352,413,2666428927.00236,0.75429396142057112504983168477772528572
2023-04-16,USDC,44749,2968015804.58772,14053,15022,0,9525142.28,-9525142.28,66325.8576635839907037028760419227245301571,339,2097903441.036078,0.70683701811604496015440962794079865131
2023-04-17,USDC,56668,6461378437.225302,18390,20878,72335209.91,279204944.44,-206869734.53,114021.64250062296181266323145337756758664502,772,4999691604.800169,0.77378095918294138485455885086235170809
2023-04-18,USDC,51999,5587373043.596302,16897,18775,55965335.34,303147719.020022,-247182383.680022,107451.54798354395276832246773976422623511991,723,4158141530.606899,0.74420331310660423286648728650732546015
2023-04-19,USDC,53714,5804133634.517495,16705,18445,109074765.750001,224389840.770001,-115315075.02,108056.25413332641397028707599508508023978851,764,4324972967.652514,0.74515392649329558300265558673283309644
2023-04-20,USDC,52201,6354547175.932651,16872,18784,60676369.840002,277371483.100001,-216695113.259999,121732.28819242257811153043045152391716633781,745,4842739931.701165,0.76209048381018597885913817873750318306
2023-04-21,USDC,65063,8204296002.52622,24108,20098,66276296.34,268549431.94,-202273135.6,126097.72070956180932327129090266357222999247,1144,6400119948.476847,0.78009373948796564548996177454474445655
2023-04-22,USDC,38439,2712839208.903841,13497,13656,29450594.31,59814618.92,-30364024.61,70575.17648492002913707432555477509820754962,394,2133698991.845787,0.78651878255178147552769197494493575517
2023-04-23,USDC,34765,1875308105.921559,11392,12137,14495185.6,1067462.06,13427723.54,53942.41639354405292679418955846397238602042,231,1241237967.404607,0.66188481961189043521106408400945240612
2023-04-24,USDC,45314,4768346662.523093,15508,17236,121180413.980001,187342476.150001,-66162062.17,105228.99462689440349560842123846934722160922,678,3666150855.221816,0.76885157785108097947832143106917137302
2023-04-25,USDC,49643,5244946198.266663,16876,18003,87632146.763892,142005609.646441,-54373462.882549,105653.28844482934149829784662490179884374433,674,4101547625.219084,0.78199994245404336735684041301399882633
2023-04-26,USDC,56628,6895415661.576951,17529,19324,104440391.417103,51422729.642012,53017661.775091,121766.89379065040262767535494808222080949354,871,5236719764.981466,0.75944946932812624669149270504652998501
2023-04-27,USDC,49544,6378566346.339467,17006,17872,129125130.058976,345006407.496473,-215881277.437497,128745.48575689219683513644437267883093815598,889,4861748710.960363,0.76220085313534825510282506574479852301
2023-04-28,USDC,45644,5032185829.288806,15912,18360,113521015.800054,199724022.959376,-86203007.159322,110248.57219544312505477171150644115327315748,615,3952800436.655528,0.78550366992591239362662593461356624919
2023-04-29,USDC,35726,2520290893.001229,12367,12887,14709537.190755,2248.880791,14707288.309964,70545.0062419870402507977383418238817667805,304,2007120167.041519,0.79638432714859643134929757292340924762
2023-04-30,USDC,41075,1560338878.472554,12508,13822,569115.917504,3000001,-2430885.082496,37987.5563839940109555690809494826536822885,215,892793973.376318,0.57217953464717314579681949145224705606
2023-02-01,USDT,180297,3983577706.594191,58462,100975,0,0,0,22094.53128224091915006905272966272317343051,585,2052948346.044241,0.51535290566716083073408083753978257982
2023-02-02,USDT,180576,5114191323.831899,59268,99759,0,0,0,28321.54507704179403685982633351054403685983,751,2933400403.329014,0.57358049740131964120348565062912127011
2023-02-03,USDT,156330,4355852957.087343,51852,87368,0,0,0,27863.1929705580694684321627326808673958933,691,2545259749.325405,0.58433096213315719159947842367308974246
2023-02-04,USDT,139185,2118114622.154422,46251,78862,0,0,0,15217.98054498991989079282968710708768904695,262,1126875041.428071,0.53201796996324957197823219342091743901
2023-02-05,USDT,134223,2113812620.945542,47479,71279,0,0,0,15748.51270606037713357621272062165202685084,286,1104711294.375039,0.52261552581746061790827355947083673009
2023-02-06,USDT,181510,4669898242.240864,53393,106921,0,0,0,25728.04937601710098617156079554845463059887,733,2768580018.012936,0.59285660509048372250837703128301746724
2023-02-07,USDT,217166,7195353521.135663,62331,123722,0,0,0,33132.965202359775471298453717432747299301,694,5196409477.099782,0.7221895994179891237583234433970175691
2023-02-08,USDT,222194,4321826891.938078,57506,126149,0,0,0,19450.69125151029280718651268711126313041756,729,2430631589.932655,0.5624083635711433420108054476014383352
2023-02-09,USDT,225265,4814925190.832528,57735,118660,0,0,0,21374.49311181287816571593456595565223181586,686,2695126753.782304,0.55974426329899036872974097990132349315
2023-02-10,USDT,293550,4700342014.588894,57178,123495,0,0,0,16012.06613724712655424970192471469936978368,776,2751329235.129878,0.58534660384080955030643229713748312333
2023-02-11,USDT,225738,2135924708.79639,47548,88865,0,0,0,9461.96346559458310076283124684368604311193,323,1125973251.973028,0.52715961725426294961651688031079329679
2023-02-12,USDT,212493,1690343456.045088,40981,83323,0,0,0,7954.81948132450480721717891883497338735864,252,890438896.407648,0.52677986430699474928373741149579417048
2023-02-13,USDT,222887,9385223944.508228,75474,103501,0,0,0,42107.54303529693521829447208675247995621099,1489,6256659335.465994,0.66664997792909179142087539483327978645
2023-02-14,USDT,222976,6298485064.87884,91980,94915,0,0,0,28247.3677206463475889781859931113662456946,935,3651299131.208966,0.57971069131672280108199861780240562538
2023-02-15,USDT,199552,5174698231.270692,65645,92896,0,3,-3,25931.57789082891677357280307889672867222579,853,2843967911.907795,0.54959106498649565318713857937573463183
2023-02-16,USDT,209132,6348451724.683389,71744,96332,0,0,0,30356.19477020919323680737524625595317789721,983,3709503672.712358,0.58431627640633259451764758738601370089
2023-02-17,USDT,219823,4848437930.002867,60439,89329,0,0,0,22056.09936177227587650063915058933778540007,731,2709528413.420727,0.55884564318205570789703747868449234608
2023-02-18,USDT,406902,2447944451.329348,45358,66810,0,412,-412,6016.05411457635499456871679175821205105898,357,1316259305.417422,0.53769982595096543623436226229427836704
2023-02-19,USDT,110291,1592773507.494654,42156,52138,0,0,0,14441.55468256389007262605289642853904670372,204,636916611.386076,0.39987895855193570446325285095568463914
2023-02-20,USDT,143954,2909574958.396887,55458,71133,0,0,0,20211.83821496371757644803201022548869777846,398,1146921207.73083,0.39418857535217406105204789621070001889
2023-02-21,USDT,181453,3793240917.066921,65848,79219,0,0,0,20904.81235949210539368321273277377612935581,556,1892119906.519025,0.49881353383219447632632813167816142565
2023-02-22,USDT,249204,4261715312.745895,66427,85939,0,0,0,17101.31182784343349223928989903853870724386,627,2285585715.900737,0.53630652171087786799318348101174722659
2023-02-23,USDT,371584,3550248847.212846,61698,85908,0,0,0,9554.36414703767115914571133310368584223217,472,1700334925.944995,0.47893401254953095719289519816730779961
2023-02-24,USDT,146814,4384701817.571363,52675,68969,0,0,0,29865.69276480010761916438486792812674540575,596,2510464667.625051,0.57255083060940484468308341062439444175
2023-02-25,USDT,113083,1577346784.889705,43106,52162,0,0,0,13948.57569121534625009948444947516425987991,222,613731348.089376,0.38909094307520383703478344947826513658
2023-02-26,USDT,108421,1465135710.566368,39284,50212,0,0,0,13513.39418162872506248789441159922893166453,182,684161641.678514,0.46696127651822920604462201049684299972
2023-02-27,USDT,149366,3553125626.247962,53336,71784,0,0,0,23788.04832591059545010243294993505884873398,577,1789001908.903263,0.50350088825663545867153872436619777283
2023-02-28,USDT,155283,3836270564.90653,55246,76861,0,0,0,24705.02608081071334273552159605365687164725,615,1892901858.257719,0.49342240757824108071906502606518083481
2023-03-01,USDT,149588,3971101635.854015,53394,74318,0,0,0,26546.92646371376714709736075086236863919566,661,2061730765.999739,0.51918358054221607311323305889656542855
2023-03-02,USDT,147529,4730074887.779245,53117,71934,0,0,0,32062.0006085531997098875475330274047814328,802,2816625555.749156,0.59547166219847159146893904233989913064
2023-03-03,USDT,159454,6177394748.824792,60066,75434,0,0,0,38740.92057160555395286414890814905866268642,832,3976923795.223049,0.64378657296907116561489553284577615011
2023-03-04,USDT,110108,8279526656.138612,41451,50854,0,0,0,75194.59672447607803247720419951320521669633,270,7396021717.564393,0.89329040472148607699593900213121542283
2023-03-05,USDT,102916,1825383585.950758,37232,48683,0,0,0,17736.6355663916009172529052819775350771503,254,1028421795.306317,0.56340037415788396446350127428948609476
2023-03-06,USDT,144534,4669407486.976759,52631,68255,0,0,0,32306.63710252784119999446497018002684489463,680,2617523978.569912,0.56056876292556049063000805338853734895
2023-03-07,USDT,149184,5217044480.156406,52882,70599,0,0,0,34970.53625158466055341055341055341055341055,775,3004106368.205342,0.57582533168574392970718155251960178076
2023-03-08,USDT,144658,3936766647.817855,53662,66496,0,0,0,27214.30303071973205768087489112250964343486,533,2084646342.197307,0.52953261615158824581896606258657157102
2023-03-09,USDT,170285,4707624682.863793,63296,77002,0,0,0,27645.56292605803799512581848078221804621664,728,2311647883.248671,0.49104336878496108950155515086922198518
2023-03-10,USDT,202397,9910989804.596707,67252,92007,0,0,0,48968.06674306786661857636229786014614841129,1723,5395933942.37505,0.5444394605140670531997484628717248647
2023-03-11,USDT,262745,26383148522.505042,62155,85306,0,0,0,100413.51318771067765323793031266056442558374,3940,11784516477.905887,0.44666831435427799018709881995940526957
2023-03-12,USDT,180054,11066935750.565876,54797,67039,0,0,0,61464.53703092336743421418019038732824597065,1700,5531208950.420397,0.49979588524651681506692058375392585502
2023-03-13,USDT,243361,12520779086.43534,73991,100940,0,20.06,-20.06,51449.40679252361717777293814538894892772466,2072,6674391068.578139,0.53306515692853223579211489144152932012
2023-03-14,USDT,221437,10105319537.528198,79827,93415,0,0,0,45635.18986225516964192975880272944449211288,1349,6055260468.667482,0.59921514071673018894500936429513955149
2023-03-15,USDT,194579,8565040169.509378,67690,85607,0,0,0,44018.3173390210557151593954126601534595203,1275,5150123256.539839,0.60129586722473573418973635652891944705
2023-03-16,USDT,189076,8409966598.330975,62913,88913,0,0,0,44479.29191611296515686813768008631449787387,1009,5517600463.591159,0.65607876072732213390989196372658096344
2023-03-17,USDT,201054,9033861216.188778,78773,83197,0,0,0,44932.51174405273210182339073084842878032767,1259,5826274267.350094,0.64493732280382466549458884085841844173
2023-03-18,USDT,154199,4123145258.450606,57592,64168,0,0,0,26739.11801276665866834415268581508310689434,540,2295207048.882742,0.55666412532485795947765928898341273487
2023-03-19,USDT,129507,2704696110.908798,48377,54766,0,0,0,20884.55535923770915857830078683005551823454,328,1148567237.574938,0.42465666769085228939671482024679081776
2023-03-20,USDT,194619,7669507290.059577,79245,78699,0,0,0,39407.80340079630971282351671727837467051007,1060,4714038480.012062,0.61464684779971611249992518269913424352
2023-03-21,USDT,178805,6532573214.748703,62304,82958,0,0,0,36534.62271608010402393669080842258326109449,955,3929746497.583599,0.60156179937047512685189281693377853848
2023-03-22,USDT,177403,6886342266.469678,59822,83249,0,0,0,38817.50740669367485330011330135341566940807,1016,3913318127.848948,0.56827238269920215491052156922894602614
2023-03-23,USDT,184238,6912744806.900169,66239,84904,0,0.5,-0.5,37520.73300242169910659038851919799389919561,994,4071084857.63173,0.58892451137036786650970250325364428148
2023-03-24,USDT,167138,7301994555.628174,57071,77051,0,0,0,43688.4164919298663379961468965764817097249,889,4910080091.014586,0.67242998520589597542821935198380242243
2023-03-25,USDT,124236,2843644818.253024,43897,56324,0,0,0,22889.0564591022247979651630767249428507035,417,1657667070.11182,0.58293745388715519733648270392013979023
2023-03-26,USDT,117557,2542830264.473976,41390,52049,0,0,0,21630.61548418193727298246807931471541464991,367,1426817086.513687,0.56111377406814304685429755889683223474
2023-03-27,USDT,168670,6314915702.426507,54076,79417,0,0,0,37439.47176395628742514970059880239520958084,893,3813398606.534948,0.60387165660337305819463576539577700979
2023-03-28,USDT,166558,5069585233.224221,55046,79354,0,0,0,30437.35655581972045773844546644412156726185,829,2598901882.342994,0.51264586012100845027804809456493968334
2023-03-29,USDT,153743,5160025805.343834,59560,71071,0,0,0,33562.67150597968037569190141990204432071704,779,2897207671.848834,0.56147154707025365197464286824956113646
2023-03-30,USDT,150961,5583540616.804974,57598,70526,0,0,0,36986.64301909085127946953186584614569325852,895,3355801461.315135,0.60101675471206640164832805801148644673
2023-03-31,USDT,170772,4935621841.535187,70275,76275,0,0,0,28901.82138485926849834867542688496943292811,801,2695145488.832279,0.54605996475491218769868329768623875857
2023-04-01,USDT,118785,2415812501.51256,44304,57040,0,0,0,20337.68995675009470892789493622932188407627,381,1306718238.33739,0.54090217577698724756443646550547113227
2023-04-02,USDT,108913,2024258227.621587,39160,53426,0,0,0,18586.01110631042208000881437477619751544811,247,992900817.554773,0.49050106552926654558724922782692907599
2023-04-03,USDT,148197,5359401952.61292,55073,71151,0,0,0,36164.03808857750156885766918358671228162513,782,2838231996.473109,0.52957998328327638685123467241875222659
2023-04-04,USDT,141681,5257712283.508494,54997,67912,0,0,0,37109.50856860478116331759374933830224236136,733,2871474933.295408,0.54614531538786683812860933607930385191
2023-04-05,USDT,135635,4950380096.186125,51631,64514,0,0,0,36497.80732249142920337670955136948427765695,713,2759929263.104754,0.55751865704838714670625343075056242716
2023-04-06,USDT,129868,4152215783.708973,51017,60742,0,5,-5,31972.5858849676055687313271937659777620353,678,2180130730.937735,0.52505236830209482571290513422959177367
2023-04-07,USDT,118640,2686737981.450182,47387,55602,0,0,0,22646.13942557469656102494942683749157113958,397,1184233131.625463,0.44076986286033983810265958755703037108
2023-04-08,USDT,94331,2096657225.165394,36721,43352,0,0,0,22226.59809781931708558162216026544826197114,266,1116229374.330546,0.53238524682664457681505566407606311685
2023-04-09,USDT,90474,1607510809.370777,36669,41346,0,0,0,17767.65489942720560603046179012755045648474,238,725644990.97756,0.45140908959834427588349404649057369289
2023-04-10,USDT,129153,3934927017.577397,50454,61416,0,0,0,30467.17472747359333503673937113346186306164,522,1999121178.789564,0.50804530042347674060339142508823400658
2023-04-11,USDT,141295,5004423390.191897,55524,66905,0,0,0,35418.26243102655437205845925191974238295764,721,2620091069.266378,0.52355503621085692336200298771635341443
2023-04-12,USDT,138303,4504876875.721683,52469,63553,0,0,0,32572.51741264963883646775558013925945207262,687,2328167717.953958,0.51681051051611363747631827601618483693
2023-04-13,USDT,134489,4711711671.209272,51584,62978,0,0,0,35034.17878941230881336020046249135617039312,725,2552637146.229966,0.54176429381868895404741232206196895883
2023-04-14,USDT,148336,5113862292.326797,55327,68127,0,45.5,-45.5,34474.85635534729937439326933448387444720095,781,2669873173.988105,0.52208546522540756680601138162022605722
2023-04-15,USDT,111081,2545324105.98727,45034,49600,0,0,0,22914.12668221631062017806825649751082543369,296,1395214688.011903,0.54814814535013126768002533153142058934
2023-04-16,USDT,96476,1774131683.53528,37471,44576,0,0,0,18389.35780437912019569633898586176873004685,259,798230390.327222,0.44992736319132906270912100007463860341
2023-04-17,USDT,131414,4434754608.957185,50454,61973,0,0,0,33746.43956471293012920997762795440364040361,683,2350329945.906905,0.52997970646668447515274257101598846846
2023-04-18,USDT,126897,4489124476.727712,50072,59958,0,0,0,35376.12769984879075155441026974632970046573,687,2454611069.276999,0.54679060070667840362610200108437404367
2023-04-19,USDT,128430,4601318734.463618,47584,59697,0,0,0,35827.44479065341431129798333722650471073737,719,2441475530.702179,0.53060343601404199012005280498017361617
2023-04-20,USDT,132534,5858520332.065976,52115,61607,0,0,0,44203.90490037255345798059365898561878461376,719,3698372141.885056,0.63128092628481921766033955744162490983
2023-04-21,USDT,136709,4717655878.083264,58250,59777,0,0,0,34508.74396040687884484562099057121330709756,732,2393158351.214812,0.5072770064329338281880440703330482933
2023-04-22,USDT,93458,1669248983.518092,36253,43585,0,1150.745712,-1150.745712,17860.9534070715401570759057544565473260716,271,677867728.737063,0.4060914431760778685596596016750059854
2023-04-23,USDT,85188,2767602569.161091,33596,39304,0,0,0,32488.17402874924872047706249706531436352538,225,1900582959.57403,0.68672539213248747344112812189541482888
2023-04-24,USDT,116704,3778147709.413308,47904,55269,0,0,0,32373.76361918450095969289827255278310940499,578,1893630139.047264,0.50120595717559108493067940025038093566
2023-04-25,USDT,124094,3922786915.490934,49661,58749,0,8.18003,-8.18003,31611.41485882423001917900946057021290312183,573,1978640124.056381,0.5043965340668409953499677875796266426
2023-04-26,USDT,125933,4821792586.607224,47797,59846,0,0,0,38288.55491894280291901249076890092350694417,798,2424020028.846685,0.50272175447353850267037597047200810925
2023-04-27,USDT,120001,4427073711.905164,46953,57484,0,0,0,36891.97349943053807884934292214231548070433,764,2250160581.01654,0.5082726711700034478764238942906511371
2023-04-28,USDT,118400,3448768850.973917,46555,57526,0,200,-200,29128.1152953878125,555,1593437676.413437,0.46203087109287051236206938867818597561
2023-04-29,USDT,89231,1934844998.53045,35071,41308,0,0,0,21683.55166400073965325951743228250271766539,309,1027653600.08539,0.53112967750176971156486730442498016493
2023-04-30,USDT,90750,1614804588.772983,34464,42120,0,0,0,17793.98995893094214876033057851239669421488,220,646796952.034677,0.40054193339031118401934902729120282314