coin,date,circulating_supply
BUSD,2022-01-01,14450959880
BUSD,2022-01-02,14471018731
BUSD,2022-01-03,14464040666
BUSD,2022-01-04,14419913923
BUSD,2022-01-05,14399024750
BUSD,2022-01-06,14394261306
BUSD,2022-01-07,14419990350
BUSD,2022-01-08,14213953634
BUSD,2022-01-09,14200668146
BUSD,2022-01-10,14008098153
BUSD,2022-01-11,14050442238
BUSD,2022-01-12,14059821583
BUSD,2022-01-13,14195208055
BUSD,2022-01-14,14273514882
BUSD,2022-01-15,14336246114
BUSD,2022-01-16,14414399871
BUSD,2022-01-17,14440314116
BUSD,2022-01-18,14316130574
BUSD,2022-01-19,14203101075
BUSD,2022-01-20,14344587717
BUSD,2022-01-21,14302377350
BUSD,2022-01-22,14253610214
BUSD,2022-01-23,14304261492
BUSD,2022-01-24,14061920965
BUSD,2022-01-25,14175392386
BUSD,2022-01-26,14328868107
BUSD,2022-01-27,14611371275
BUSD,2022-01-28,14905076159
BUSD,2022-01-29,14950166500
BUSD,2022-01-30,14949758506
BUSD,2022-01-31,14995965055
BUSD,2022-02-01,15325982863
BUSD,2022-02-02,15501861826
BUSD,2022-02-03,15782661606
BUSD,2022-02-04,16193513807
BUSD,2022-02-05,16495493825
BUSD,2022-02-06,16552888312
BUSD,2022-02-07,16586684698
BUSD,2022-02-08,16824848235
BUSD,2022-02-09,17083612770
BUSD,2022-02-10,17308481263
BUSD,2022-02-11,17487804532
BUSD,2022-02-12,17799637228
BUSD,2022-02-13,17597064972
BUSD,2022-02-14,17602107635
BUSD,2022-02-15,17543996992
BUSD,2022-02-16,17879803627
BUSD,2022-02-17,17753030701
BUSD,2022-02-18,18008918772
BUSD,2022-02-19,18225116559
BUSD,2022-02-20,18220650690
BUSD,2022-02-21,18121414707
BUSD,2022-02-22,18075611572
BUSD,2022-02-23,18406210758
BUSD,2022-02-24,18268468514
BUSD,2022-02-25,18574158973
BUSD,2022-02-26,18104304957
BUSD,2022-02-27,18139888642
BUSD,2022-02-28,18202814393
BUSD,2022-03-01,18353220338
BUSD,2022-03-02,18382100092
BUSD,2022-03-03,18175789874
BUSD,2022-03-04,18156898170
BUSD,2022-03-05,18001196173
BUSD,2022-03-06,17971274500
BUSD,2022-03-07,17964446978
BUSD,2022-03-08,17945395064
BUSD,2022-03-09,17854164139
BUSD,2022-03-10,18035230241
BUSD,2022-03-11,18010738248
BUSD,2022-03-12,17983717678
BUSD,2022-03-13,18008766679
BUSD,2022-03-14,18021431488
BUSD,2022-03-15,17949883796
BUSD,2022-03-16,17957609757
BUSD,2022-03-17,17816449008
BUSD,2022-03-18,17737964796
BUSD,2022-03-19,17799996511
BUSD,2022-03-20,17793390072
BUSD,2022-03-21,17795273133
BUSD,2022-03-22,17698555737
BUSD,2022-03-23,17663976263
BUSD,2022-03-24,17649309554
BUSD,2022-03-25,17600446273
BUSD,2022-03-26,17561510780
BUSD,2022-03-27,17579747654
BUSD,2022-03-28,17551556789
BUSD,2022-03-29,17493807587
BUSD,2022-03-30,17540916675
BUSD,2022-03-31,17463693556
BUSD,2022-04-01,17375628176
BUSD,2022-04-02,17760460569
BUSD,2022-04-03,17712279179
BUSD,2022-04-04,17764066835
BUSD,2022-04-05,17696187747
BUSD,2022-04-06,17917155168
BUSD,2022-04-07,17698452956
BUSD,2022-04-08,17644990421
BUSD,2022-04-09,17627673803
BUSD,2022-04-10,17958693197
BUSD,2022-04-11,17952321725
BUSD,2022-04-12,17792057899
BUSD,2022-04-13,17690560756
BUSD,2022-04-14,17470124745
BUSD,2022-04-15,17427842131
BUSD,2022-04-16,17436874853
BUSD,2022-04-17,17437203699
BUSD,2022-04-18,17411413025
BUSD,2022-04-19,17348028976
BUSD,2022-04-20,17407781770
BUSD,2022-04-21,17265763048
BUSD,2022-04-22,17367027422
BUSD,2022-04-23,17579887873
BUSD,2022-04-24,17554175637
BUSD,2022-04-25,17551305769
BUSD,2022-04-26,17682983077
BUSD,2022-04-27,17550114149
BUSD,2022-04-28,17408366980
BUSD,2022-04-29,17339797707
BUSD,2022-04-30,17684739664
BUSD,2022-05-01,17661549100
BUSD,2022-05-02,17706309295
BUSD,2022-05-03,17847045360
BUSD,2022-05-04,17883191102
BUSD,2022-05-05,17847898191
BUSD,2022-05-06,17878399805
BUSD,2022-05-07,17508261068
BUSD,2022-05-08,17525121027
BUSD,2022-05-09,17255932047
BUSD,2022-05-10,17250888567
BUSD,2022-05-11,17107246520
BUSD,2022-05-12,16788031738
BUSD,2022-05-13,17123221508
BUSD,2022-05-14,17612345359
BUSD,2022-05-15,17735417602
BUSD,2022-05-16,17735417602
BUSD,2022-05-17,17998075046
BUSD,2022-05-18,18194582218
BUSD,2022-05-19,18412508586
BUSD,2022-05-20,18548599504
BUSD,2022-05-21,18562253947
BUSD,2022-05-22,18562253947
BUSD,2022-05-23,18517729238
BUSD,2022-05-24,18323709028
BUSD,2022-05-25,18316126873
BUSD,2022-05-26,18461208567
BUSD,2022-05-27,18234400952
BUSD,2022-05-28,18148906353
BUSD,2022-05-29,18167184474
BUSD,2022-05-30,17970184510
BUSD,2022-05-31,17970184510
BUSD,2022-06-01,18199987675
BUSD,2022-06-02,18137033180
BUSD,2022-06-03,18067916374
BUSD,2022-06-04,18049494761
BUSD,2022-06-05,18049494761
BUSD,2022-06-06,18049494761
BUSD,2022-06-07,18240574079
BUSD,2022-06-08,18013622468
BUSD,2022-06-09,17943742006
BUSD,2022-06-10,17906733502
BUSD,2022-06-11,18014451057
BUSD,2022-06-12,17907058479
BUSD,2022-06-13,17742539891
BUSD,2022-06-14,17595086268
BUSD,2022-06-15,17422532802
BUSD,2022-06-16,17635721163
BUSD,2022-06-17,17568049484
BUSD,2022-06-18,17587788138
BUSD,2022-06-19,17587788138
BUSD,2022-06-20,17184126319
BUSD,2022-06-21,17187011889
BUSD,2022-06-22,17525749895
BUSD,2022-06-23,17529493252
BUSD,2022-06-24,17395382091
BUSD,2022-06-25,17445144051
BUSD,2022-06-26,17446495299
BUSD,2022-06-27,17446745387
BUSD,2022-06-28,17492341017
BUSD,2022-06-29,17469725607
BUSD,2022-06-30,17633723915
BUSD,2022-07-01,17578848045
BUSD,2022-07-02,17868417729
BUSD,2022-07-03,17865670153
BUSD,2022-07-04,17866345003
BUSD,2022-07-05,17808375843
BUSD,2022-07-06,17863150089
BUSD,2022-07-07,17893781531
BUSD,2022-07-08,17900485610
BUSD,2022-07-09,17941630847
BUSD,2022-07-10,17941858589
BUSD,2022-07-11,17941717921
BUSD,2022-07-12,18061653227
BUSD,2022-07-13,17956273265
BUSD,2022-07-14,18028479334
BUSD,2022-07-15,18135836986
BUSD,2022-07-16,17990261660
BUSD,2022-07-17,17990664595
BUSD,2022-07-18,17991334866
BUSD,2022-07-19,18192999220
BUSD,2022-07-20,18094677682
BUSD,2022-07-21,18015088028
BUSD,2022-07-22,17963262078
BUSD,2022-07-23,18030287524
BUSD,2022-07-24,17974593807
BUSD,2022-07-25,17975423313
BUSD,2022-07-26,18042975330
BUSD,2022-07-27,17850668368
BUSD,2022-07-28,17871915071
BUSD,2022-07-29,17924353493
BUSD,2022-07-30,17949314513
BUSD,2022-07-31,17949759630
BUSD,2022-08-01,17949867226
BUSD,2022-08-02,18013737531
BUSD,2022-08-03,18013743022
BUSD,2022-08-04,18016517489
BUSD,2022-08-05,18013242409
BUSD,2022-08-06,18015270990
BUSD,2022-08-07,18015280361
BUSD,2022-08-08,18015086208
BUSD,2022-08-09,17904250949
BUSD,2022-08-10,17844268799
BUSD,2022-08-11,17884397241
BUSD,2022-08-12,17921439041
BUSD,2022-08-13,17734334648
BUSD,2022-08-14,17734144065
BUSD,2022-08-15,17816663992
BUSD,2022-08-16,18047825431
BUSD,2022-08-17,18072612227
BUSD,2022-08-18,18379500514
BUSD,2022-08-19,18633705449
BUSD,2022-08-20,18913039225
BUSD,2022-08-21,18912844153
BUSD,2022-08-22,18913106655
BUSD,2022-08-23,19109924133
BUSD,2022-08-24,19119448053
BUSD,2022-08-25,19227518090
BUSD,2022-08-26,19304315085
BUSD,2022-08-27,19387494688
BUSD,2022-08-28,19386985600
BUSD,2022-08-29,19234596874
BUSD,2022-08-30,19288136053
BUSD,2022-08-31,19457586318
BUSD,2022-09-01,19398232489
BUSD,2022-09-02,19510979868
BUSD,2022-09-03,19555493338
BUSD,2022-09-04,19555493338
BUSD,2022-09-05,19433224186
BUSD,2022-09-06,19433224186
BUSD,2022-09-07,19729690922
BUSD,2022-09-08,19706930470
BUSD,2022-09-09,19914503980
BUSD,2022-09-10,20003342417
BUSD,2022-09-11,20003342417
BUSD,2022-09-12,20003342417
BUSD,2022-09-13,20124060226
BUSD,2022-09-14,20204066527
BUSD,2022-09-15,20517253097
BUSD,2022-09-16,20663850192
BUSD,2022-09-17,20656471725
BUSD,2022-09-18,20656471725
BUSD,2022-09-19,20656471725
BUSD,2022-09-20,21017817099
BUSD,2022-09-21,21014811039
BUSD,2022-09-22,21032847703
BUSD,2022-09-23,21062137360
BUSD,2022-09-24,21034339479
BUSD,2022-09-25,21034339479
BUSD,2022-09-26,21034339479
BUSD,2022-09-27,21042229623
BUSD,2022-09-28,21046716898
BUSD,2022-09-29,21077675256
BUSD,2022-09-30,20890960870
BUSD,2022-10-01,20890678356
BUSD,2022-10-02,20890678356
BUSD,2022-10-03,20890678356
BUSD,2022-10-04,20882575008
BUSD,2022-10-05,21192316476
BUSD,2022-10-06,21381640894
BUSD,2022-10-07,21628100611
BUSD,2022-10-08,21779610563
BUSD,2022-10-09,21779610563
BUSD,2022-10-10,21680937877
BUSD,2022-10-11,21539674271
BUSD,2022-10-12,21535312011
BUSD,2022-10-13,21218058190
BUSD,2022-10-14,21370460261
BUSD,2022-10-15,21378559206
BUSD,2022-10-16,21378559206
BUSD,2022-10-17,21291416721
BUSD,2022-10-18,21314208703
BUSD,2022-10-19,21569163437
BUSD,2022-10-20,21714234883
BUSD,2022-10-21,21883537634
BUSD,2022-10-22,21767238812
BUSD,2022-10-23,21767238812
BUSD,2022-10-24,21767238812
BUSD,2022-10-25,21776164932
BUSD,2022-10-26,21574630501
BUSD,2022-10-27,21487048698
BUSD,2022-10-28,21230718208
BUSD,2022-10-29,21398874615
BUSD,2022-10-30,21398874615
BUSD,2022-10-31,21398874615
BUSD,2022-11-01,21147340674
BUSD,2022-11-02,21662670457
BUSD,2022-11-03,21969470279
BUSD,2022-11-04,22484316250
BUSD,2022-11-05,22548178454
BUSD,2022-11-06,22548178454
BUSD,2022-11-07,22551178454
BUSD,2022-11-08,22587729629
BUSD,2022-11-09,22949262968
BUSD,2022-11-10,23013102797
BUSD,2022-11-11,23013102797
BUSD,2022-11-12,23356113468
BUSD,2022-11-13,23358113468
BUSD,2022-11-14,23358113468
BUSD,2022-11-15,23465267872
BUSD,2022-11-16,23212865270
BUSD,2022-11-17,23049640182
BUSD,2022-11-18,22912963413
BUSD,2022-11-19,22884631224
BUSD,2022-11-20,22884631224
BUSD,2022-11-21,22884631224
BUSD,2022-11-22,22786963718
BUSD,2022-11-23,22771677889
BUSD,2022-11-24,22855212672
BUSD,2022-11-25,22864712672
BUSD,2022-11-26,22498037202
BUSD,2022-11-27,22498037202
BUSD,2022-11-28,22414037202
BUSD,2022-11-29,22383281484
BUSD,2022-11-30,22378364037
BUSD,2022-12-01,22275030912
BUSD,2022-12-02,22171529783
BUSD,2022-12-03,22165178564
BUSD,2022-12-04,22165178564
BUSD,2022-12-05,22151137066
BUSD,2022-12-06,22113085757
BUSD,2022-12-07,22069131834
BUSD,2022-12-08,22112060635
BUSD,2022-12-09,22071109551
BUSD,2022-12-10,22112984042
BUSD,2022-12-11,22112984042
BUSD,2022-12-12,22112984042
BUSD,2022-12-13,22014352876
BUSD,2022-12-14,18819907219
BUSD,2022-12-15,18574144751
BUSD,2022-12-16,18691042485
BUSD,2022-12-17,18459155536
BUSD,2022-12-18,18459155536
BUSD,2022-12-19,18459155536
BUSD,2022-12-20,18357316755
BUSD,2022-12-21,18074445993
BUSD,2022-12-22,18031715420
BUSD,2022-12-23,17994432502
BUSD,2022-12-24,17562379588
BUSD,2022-12-25,17486671887
BUSD,2022-12-26,17406391988
BUSD,2022-12-27,17318190268
BUSD,2022-12-28,17193147399
BUSD,2022-12-29,17040976661
BUSD,2022-12-30,16893327765
BUSD,2022-12-31,16715533894
BUSD,2023-01-01,16577934947
BUSD,2023-01-02,16577934947
BUSD,2023-01-03,16444533521
BUSD,2023-01-04,16618659556
BUSD,2023-01-05,16654146091
BUSD,2023-01-06,16794012718
BUSD,2023-01-07,16484182572
BUSD,2023-01-08,16442467238
BUSD,2023-01-09,16320896717
BUSD,2023-01-10,16364310892
BUSD,2023-01-11,16458880584
BUSD,2023-01-12,16382919746
BUSD,2023-01-13,16368519554
BUSD,2023-01-14,16584390288
BUSD,2023-01-15,16451871648
BUSD,2023-01-16,16376054503
BUSD,2023-01-17,16260096023
BUSD,2023-01-18,16067796319
BUSD,2023-01-19,16328401692
BUSD,2023-01-20,16390419906
BUSD,2023-01-21,16354369450
BUSD,2023-01-22,16234121580
BUSD,2023-01-23,16100787259
BUSD,2023-01-24,15832688105
BUSD,2023-01-25,15466851661
BUSD,2023-01-26,15665582942
BUSD,2023-01-27,15932599298
BUSD,2023-01-28,15815926694
BUSD,2023-01-29,15798323968
BUSD,2023-01-30,15721883604
BUSD,2023-01-31,15749691947
BUSD,2023-02-01,16111871190
BUSD,2023-02-02,16119014456
BUSD,2023-02-03,16101873021
BUSD,2023-02-04,16289771387
BUSD,2023-02-05,16289771387
BUSD,2023-02-06,16275771387
BUSD,2023-02-07,16203263260
BUSD,2023-02-08,16199481038
BUSD,2023-02-09,16194305382
BUSD,2023-02-10,16179089382
BUSD,2023-02-11,16166414859
BUSD,2023-02-12,16166414859
BUSD,2023-02-13,16166414859
BUSD,2023-02-14,15824153679
BUSD,2023-02-15,15351772179
BUSD,2023-02-16,14236471552
BUSD,2023-02-17,13723753853
BUSD,2023-02-18,13330548339
BUSD,2023-02-19,13256324119
BUSD,2023-02-20,13256324119
BUSD,2023-02-21,12819497393
BUSD,2023-02-22,12449997350
BUSD,2023-02-23,12004824967
BUSD,2023-02-24,11650862080
BUSD,2023-02-25,11146848406
BUSD,2023-02-26,11146848406
BUSD,2023-02-27,10983744897
BUSD,2023-02-28,10653944429
BUSD,2023-03-01,10546846860
BUSD,2023-03-02,10180924793
BUSD,2023-03-03,9693072256
BUSD,2023-03-04,9187991863
BUSD,2023-03-05,8933214612
BUSD,2023-03-06,8706908013
BUSD,2023-03-07,8456412488
BUSD,2023-03-08,8427205314
BUSD,2023-03-09,8424456446
BUSD,2023-03-10,8418786446
BUSD,2023-03-11,8413920518
BUSD,2023-03-12,8413920518
BUSD,2023-03-13,8393424001
BUSD,2023-03-14,8393423999
BUSD,2023-03-15,8387423999
BUSD,2023-03-16,8357423999
BUSD,2023-03-17,8267423999
BUSD,2023-03-18,8242423999
BUSD,2023-03-19,8242423999
BUSD,2023-03-20,8242423999
BUSD,2023-03-21,8167182752
BUSD,2023-03-22,8137182752
BUSD,2023-03-23,8081521540
BUSD,2023-03-24,8081521540
BUSD,2023-03-25,8041848824
BUSD,2023-03-26,8041848824
BUSD,2023-03-27,8041848824
BUSD,2023-03-28,7847388925
BUSD,2023-03-29,7732934162
BUSD,2023-03-30,7682173849
BUSD,2023-03-31,7632018815
BUSD,2023-04-01,7574687530
BUSD,2023-04-02,7574687530
BUSD,2023-04-03,7574687530
BUSD,2023-04-04,7433225251
BUSD,2023-04-05,7307780656
BUSD,2023-04-06,7175128184
BUSD,2023-04-07,7088292707
BUSD,2023-04-08,7087999364
BUSD,2023-04-09,7087999364
BUSD,2023-04-10,7087999364
BUSD,2023-04-11,6974239398
BUSD,2023-04-12,6913234162
BUSD,2023-04-13,6812934163
BUSD,2023-04-14,6733036697
BUSD,2023-04-15,6698620014
BUSD,2023-04-16,6698620014
BUSD,2023-04-17,6698620014
BUSD,2023-04-18,6673524717
BUSD,2023-04-19,6658505990
BUSD,2023-04-20,6629598056
BUSD,2023-04-21,6600302149
BUSD,2023-04-22,6462597643
BUSD,2023-04-23,6462597643
BUSD,2023-04-24,6462597643
BUSD,2023-04-25,6427996122
BUSD,2023-04-26,6362945362
BUSD,2023-04-27,6322941361
BUSD,2023-04-28,6298452242
BUSD,2023-04-29,6214580502
BUSD,2023-04-30,6214580502
BUSD,2023-05-01,6214580502
BUSD,2023-05-02,6173460306
BUSD,2023-05-03,6108458106
BUSD,2023-05-04,6003325906
BUSD,2023-05-05,5993124785
BUSD,2023-05-06,5983114753
BUSD,2023-05-07,5983114753
BUSD,2023-05-08,5983114753
BUSD,2023-05-09,5882190932
BUSD,2023-05-10,5812234858
BUSD,2023-05-11,5783034180
BUSD,2023-05-12,5723934166
BUSD,2023-05-13,5631934162
BUSD,2023-05-14,5631934162
BUSD,2023-05-15,5631934162
BUSD,2023-05-16,5576934163
BUSD,2023-05-17,5572004173
BUSD,2023-05-18,5562350553
BUSD,2023-05-19,5562350553
BUSD,2023-05-20,5517301607
BUSD,2023-05-21,5517301607
BUSD,2023-05-22,5517301607
BUSD,2023-05-23,5478359541
BUSD,2023-05-24,5418072162
BUSD,2023-05-25,5350032251
BUSD,2023-05-26,5320836105
BUSD,2023-05-27,5293649035
BUSD,2023-05-28,5293649035
BUSD,2023-05-29,5293649035
BUSD,2023-05-30,5293649035
BUSD,2023-05-31,5268804850
BUSD,2023-06-01,5213534162
BUSD,2023-06-02,5182534162
BUSD,2023-06-03,5167034165
BUSD,2023-06-04,5167034165
BUSD,2023-06-05,5167034165
BUSD,2023-06-06,5114034162
BUSD,2023-06-07,5015166064
BUSD,2023-06-08,4914160659
BUSD,2023-06-09,4879075157
BUSD,2023-06-10,4798079213
BUSD,2023-06-11,4798079213
BUSD,2023-06-12,4798079213
BUSD,2023-06-13,4639059411
BUSD,2023-06-14,4598572355
BUSD,2023-06-15,4524047166
BUSD,2023-06-16,4359594308
BUSD,2023-06-17,4313369951
BUSD,2023-06-18,4313369951
BUSD,2023-06-19,4313369951
BUSD,2023-06-20,4313369951
BUSD,2023-06-21,4286531790
BUSD,2023-06-22,4282356832
BUSD,2023-06-23,4265718263
BUSD,2023-06-24,4262104738
BUSD,2023-06-25,4262104738
BUSD,2023-06-26,4262104738
BUSD,2023-06-27,4230995349
BUSD,2023-06-28,4206034284
BUSD,2023-06-29,4189576719
BUSD,2023-06-30,4155244539
BUSD,2023-07-01,4150447968
BUSD,2023-07-02,4150447968
BUSD,2023-07-03,4150447968
BUSD,2023-07-04,4143870303
BUSD,2023-07-05,4143870303
BUSD,2023-07-06,4117034162
BUSD,2023-07-07,4078553643
BUSD,2023-07-08,4063204787
BUSD,2023-07-09,4063204787
BUSD,2023-07-10,4063204787
BUSD,2023-07-11,4044063892
BUSD,2023-07-12,4014765401
BUSD,2023-07-13,4005852502
BUSD,2023-07-14,3990041775
BUSD,2023-07-15,3986566401
BUSD,2023-07-16,3986566401
BUSD,2023-07-17,3986566401
BUSD,2023-07-18,3945538459
BUSD,2023-07-19,3906336736
BUSD,2023-07-20,3897404470
BUSD,2023-07-21,3874440505
BUSD,2023-07-22,3869034162
BUSD,2023-07-23,3869034162
BUSD,2023-07-24,3869034162
BUSD,2023-07-25,3838534162
BUSD,2023-07-26,3812645720
BUSD,2023-07-27,3781538187
BUSD,2023-07-28,3747037280
BUSD,2023-07-29,3712117745
BUSD,2023-07-30,3712117745
BUSD,2023-07-31,3712117745
BUSD,2023-08-01,3675326631
BUSD,2023-08-02,3630127564
BUSD,2023-08-03,3544608376
BUSD,2023-08-04,3503446386
BUSD,2023-08-05,3431836500
BUSD,2023-08-06,3424543873
BUSD,2023-08-07,3424543873
BUSD,2023-08-08,3401063673
BUSD,2023-08-09,3399237665
BUSD,2023-08-10,3399237665
BUSD,2023-08-11,3388324230
BUSD,2023-08-12,3379008287
BUSD,2023-08-13,3379008287
BUSD,2023-08-14,3379008287
BUSD,2023-08-15,3363773200
BUSD,2023-08-16,3345100152
BUSD,2023-08-17,3318235903
BUSD,2023-08-18,3286035262
BUSD,2023-08-19,3249946878
BUSD,2023-08-20,3249946878
BUSD,2023-08-21,3249946878
BUSD,2023-08-22,3222632708
BUSD,2023-08-23,3204132568
BUSD,2023-08-24,3193750444
BUSD,2023-08-25,3180749414
BUSD,2023-08-26,3153064462
BUSD,2023-08-27,3153064462
BUSD,2023-08-28,3153064462
BUSD,2023-08-29,3121307741
BUSD,2023-08-30,3108950094
BUSD,2023-08-31,3079751687
BUSD,2023-09-01,2981113903
BUSD,2023-09-02,2895769744
BUSD,2023-09-03,2872014321
BUSD,2023-09-04,2852051224
BUSD,2023-09-05,2852051224
BUSD,2023-09-06,2752059639
BUSD,2023-09-07,2686185016
BUSD,2023-09-08,2625058839
BUSD,2023-09-09,2598914132
BUSD,2023-09-10,2598377279
BUSD,2023-09-11,2591117004
BUSD,2023-09-12,2546475093
BUSD,2023-09-13,2536903738
BUSD,2023-09-14,2522104444
BUSD,2023-09-15,2507314335
BUSD,2023-09-16,2494353800
BUSD,2023-09-17,2494353800
BUSD,2023-09-18,2494353800
BUSD,2023-09-19,2474073375
BUSD,2023-09-20,2461579758
BUSD,2023-09-21,2439902623
BUSD,2023-09-22,2406863215
BUSD,2023-09-23,2384674743
BUSD,2023-09-24,2384674743
BUSD,2023-09-25,2384674743
BUSD,2023-09-26,2346984865
BUSD,2023-09-27,2307908104
BUSD,2023-09-28,2276940302
BUSD,2023-09-29,2268570961
BUSD,2023-09-30,2262538520
BUSD,2023-10-01,2262538520
BUSD,2023-10-02,2262538520
BUSD,2023-10-03,2262538520
BUSD,2023-10-04,2248470686
BUSD,2023-10-05,2242090552
BUSD,2023-10-06,2230588585
BUSD,2023-10-07,2216836297
BUSD,2023-10-08,2216836297
BUSD,2023-10-09,2216836297
BUSD,2023-10-10,2205446231
BUSD,2023-10-11,2147747702
BUSD,2023-10-12,2147747702
BUSD,2023-10-13,2141291069
BUSD,2023-10-14,2126692214
BUSD,2023-10-15,2126692214
BUSD,2023-10-16,2126692214
BUSD,2023-10-17,2110913130
BUSD,2023-10-18,2110913130
BUSD,2023-10-19,2105166484
BUSD,2023-10-20,2097711802
BUSD,2023-10-21,2097301100
BUSD,2023-10-22,2097301100
BUSD,2023-10-23,2097301100
BUSD,2023-10-24,2097301100
BUSD,2023-10-25,2080990026
BUSD,2023-10-26,2080990026
BUSD,2023-10-27,2065601049
BUSD,2023-10-28,2057800199
BUSD,2023-10-29,2057800199
BUSD,2023-10-30,2057800199
BUSD,2023-10-31,2027712771
BUSD,2023-11-01,2010167372
BUSD,2023-11-02,2000910345
BUSD,2023-11-03,1950831960
BUSD,2023-11-04,1899921554
BUSD,2023-11-05,1899921554
BUSD,2023-11-06,1899921554
BUSD,2023-11-07,1892901001
BUSD,2023-11-08,1887986973
BUSD,2023-11-09,1887986973
BUSD,2023-11-10,1887986973
BUSD,2023-11-11,1883905625
BUSD,2023-11-12,1883905625
BUSD,2023-11-13,1880232342
BUSD,2023-11-14,1865884426
BUSD,2023-11-15,1852409290
BUSD,2023-11-16,1846971523
BUSD,2023-11-17,1839300955
BUSD,2023-11-18,1810994617
BUSD,2023-11-19,1810994617
BUSD,2023-11-20,1805901141
BUSD,2023-11-21,1800675946
BUSD,2023-11-22,1785753083
BUSD,2023-11-23,1755882402
BUSD,2023-11-24,1755882402
BUSD,2023-11-25,1743413132
BUSD,2023-11-26,1743413132
BUSD,2023-11-27,1743413132
BUSD,2023-11-28,1707835817
BUSD,2023-11-29,1693986214
BUSD,2023-11-30,1690415936
BUSD,2023-12-01,1669535525
BUSD,2023-12-02,1660939552
BUSD,2023-12-03,1656181240
BUSD,2023-12-04,1656181240
BUSD,2023-12-05,1625180552
BUSD,2023-12-06,1602319109
BUSD,2023-12-07,1583633036
BUSD,2023-12-08,1541463941
BUSD,2023-12-09,1509460306
BUSD,2023-12-10,1509460306
BUSD,2023-12-11,1509460306
BUSD,2023-12-12,1464404666
BUSD,2023-12-13,1464404666
BUSD,2023-12-14,1263859423
BUSD,2023-12-15,1258631360
BUSD,2023-12-16,1208663334
BUSD,2023-12-17,1208663334
BUSD,2023-12-18,1208663334
BUSD,2023-12-19,1198609145
BUSD,2023-12-20,1021082918
BUSD,2023-12-21,1015910264
BUSD,2023-12-22,1015910264
BUSD,2023-12-23,1015420558
BUSD,2023-12-24,1015420558
BUSD,2023-12-25,1015420558
BUSD,2023-12-26,1015420558
BUSD,2023-12-27,1014014703
BUSD,2023-12-28,1013937983
BUSD,2023-12-29,1013937983
BUSD,2023-12-30,1013937983
BUSD,2023-12-31,1013937983
DAI,2022-01-01,8945308696
DAI,2022-01-02,8989422829
DAI,2022-01-03,9019830071
DAI,2022-01-04,9061763816
DAI,2022-01-05,9094380378
DAI,2022-01-06,9057614529
DAI,2022-01-07,8981217752
DAI,2022-01-08,9009918264
DAI,2022-01-09,9001314636
DAI,2022-01-10,8930766653
DAI,2022-01-11,9010550582
DAI,2022-01-12,9023033118
DAI,2022-01-13,9081693565
DAI,2022-01-14,9137354809
DAI,2022-01-15,9125697060
DAI,2022-01-16,9170351303
DAI,2022-01-17,9256014687
DAI,2022-01-18,9334794093
DAI,2022-01-19,9331745107
DAI,2022-01-20,9390488156
DAI,2022-01-21,9402774438
DAI,2022-01-22,9166564461
DAI,2022-01-23,9115890348
DAI,2022-01-24,9146456179
DAI,2022-01-25,9293941652
DAI,2022-01-26,9245225217
DAI,2022-01-27,9359921919
DAI,2022-01-28,9167298522
DAI,2022-01-29,9078096308
DAI,2022-01-30,9135717349
DAI,2022-01-31,9137932290
DAI,2022-02-01,9156440883
DAI,2022-02-02,9194270272
DAI,2022-02-03,9170666264
DAI,2022-02-04,9203253257
DAI,2022-02-05,9228979411
DAI,2022-02-06,9322792991
DAI,2022-02-07,9360562441
DAI,2022-02-08,9471465595
DAI,2022-02-09,9667216568
DAI,2022-02-10,9749936627
DAI,2022-02-11,9795528748
DAI,2022-02-12,9837232184
DAI,2022-02-13,9819806817
DAI,2022-02-14,9828935789
DAI,2022-02-15,9810525653
DAI,2022-02-16,9951881495
DAI,2022-02-17,9886213899
DAI,2022-02-18,9781207527
DAI,2022-02-19,9763416968
DAI,2022-02-20,9788916601
DAI,2022-02-21,9759400435
DAI,2022-02-22,9707633715
DAI,2022-02-23,9713767549
DAI,2022-02-24,9652416597
DAI,2022-02-25,9386007628
DAI,2022-02-26,9204072015
DAI,2022-02-27,9230718584
DAI,2022-02-28,9245129542
DAI,2022-03-01,9240847000
DAI,2022-03-02,9268815900
DAI,2022-03-03,9187456231
DAI,2022-03-04,9206698696
DAI,2022-03-05,9298628581
DAI,2022-03-06,9284513192
DAI,2022-03-07,9402892151
DAI,2022-03-08,9433634871
DAI,2022-03-09,9334460386
DAI,2022-03-10,9373881818
DAI,2022-03-11,9369086408
DAI,2022-03-12,9398111117
DAI,2022-03-13,9413440797
DAI,2022-03-14,9409151264
DAI,2022-03-15,9382848887
DAI,2022-03-16,9353951902
DAI,2022-03-17,9383100792
DAI,2022-03-18,9406338555
DAI,2022-03-19,9461621868
DAI,2022-03-20,9472781176
DAI,2022-03-21,9534911277
DAI,2022-03-22,9530425395
DAI,2022-03-23,9498141885
DAI,2022-03-24,9452120845
DAI,2022-03-25,9294100934
DAI,2022-03-26,9268770917
DAI,2022-03-27,9239010996
DAI,2022-03-28,9230632118
DAI,2022-03-29,9208106656
DAI,2022-03-30,9189969454
DAI,2022-03-31,9225282191
DAI,2022-04-01,9191746163
DAI,2022-04-02,9209258512
DAI,2022-04-03,9101860571
DAI,2022-04-04,9076756446
DAI,2022-04-05,9082336345
DAI,2022-04-06,9051936140
DAI,2022-04-07,8979891572
DAI,2022-04-08,8969539323
DAI,2022-04-09,9039566073
DAI,2022-04-10,9025592102
DAI,2022-04-11,9039197449
DAI,2022-04-12,8810968202
DAI,2022-04-13,8765593297
DAI,2022-04-14,8733041613
DAI,2022-04-15,8808394402
DAI,2022-04-16,8791379410
DAI,2022-04-17,8786525084
DAI,2022-04-18,8759156980
DAI,2022-04-19,8725686562
DAI,2022-04-20,8698346734
DAI,2022-04-21,8723783877
DAI,2022-04-22,8704557539
DAI,2022-04-23,8701913872
DAI,2022-04-24,8708868168
DAI,2022-04-25,8716363162
DAI,2022-04-26,8665353293
DAI,2022-04-27,8644835270
DAI,2022-04-28,8599444691
DAI,2022-04-29,8572125680
DAI,2022-04-30,8511787091
DAI,2022-05-01,8459041180
DAI,2022-05-02,8430918903
DAI,2022-05-03,8338995266
DAI,2022-05-04,8289733383
DAI,2022-05-05,8197809049
DAI,2022-05-06,8214309359
DAI,2022-05-07,8159344682
DAI,2022-05-08,7975913291
DAI,2022-05-09,7556916646
DAI,2022-05-10,7163337396
DAI,2022-05-11,6982432940
DAI,2022-05-12,6176756288
DAI,2022-05-13,6007806453
DAI,2022-05-14,6025373194
DAI,2022-05-15,5991514910
DAI,2022-05-16,6043777513
DAI,2022-05-17,6020836694
DAI,2022-05-18,6121651621
DAI,2022-05-19,6100276579
DAI,2022-05-20,6208490700
DAI,2022-05-21,6138517324
DAI,2022-05-22,6116973370
DAI,2022-05-23,6136221943
DAI,2022-05-24,6169374384
DAI,2022-05-25,6171972722
DAI,2022-05-26,6171312742
DAI,2022-05-27,6185381417
DAI,2022-05-28,6205867272
DAI,2022-05-29,6230245585
DAI,2022-05-30,6241135935
DAI,2022-05-31,6294313853
DAI,2022-06-01,6365185693
DAI,2022-06-02,6392362184
DAI,2022-06-03,6408782885
DAI,2022-06-04,6421679437
DAI,2022-06-05,6416268295
DAI,2022-06-06,6434554207
DAI,2022-06-07,6455895760
DAI,2022-06-08,6504511927
DAI,2022-06-09,6571907900
DAI,2022-06-10,6582839696
DAI,2022-06-11,6656095634
DAI,2022-06-12,6613028358
DAI,2022-06-13,6591169762
DAI,2022-06-14,6455314704
DAI,2022-06-15,6357872166
DAI,2022-06-16,6285575425
DAI,2022-06-17,6237242772
DAI,2022-06-18,6367868986
DAI,2022-06-19,6284483284
DAI,2022-06-20,6286172860
DAI,2022-06-21,6280259001
DAI,2022-06-22,6318427671
DAI,2022-06-23,6333330027
DAI,2022-06-24,6328911474
DAI,2022-06-25,6323171707
DAI,2022-06-26,6344501028
DAI,2022-06-27,6322849487
DAI,2022-06-28,6331235461
DAI,2022-06-29,6250595574
DAI,2022-06-30,6322265246
DAI,2022-07-01,6319730151
DAI,2022-07-02,6396450375
DAI,2022-07-03,6406962775
DAI,2022-07-04,6430833317
DAI,2022-07-05,6440188597
DAI,2022-07-06,6433766301
DAI,2022-07-07,6420143840
DAI,2022-07-08,6445656636
DAI,2022-07-09,6461631548
DAI,2022-07-10,6487247003
DAI,2022-07-11,6425483975
DAI,2022-07-12,6454325558
DAI,2022-07-13,6401322933
DAI,2022-07-14,6465404048
DAI,2022-07-15,6496648680
DAI,2022-07-16,6540391831
DAI,2022-07-17,6588727400
DAI,2022-07-18,6713131763
DAI,2022-07-19,6772181520
DAI,2022-07-20,6813842983
DAI,2022-07-21,6833858495
DAI,2022-07-22,6808659864
DAI,2022-07-23,6868818890
DAI,2022-07-24,6918607706
DAI,2022-07-25,6913365132
DAI,2022-07-26,6872863685
DAI,2022-07-27,6883246369
DAI,2022-07-28,6927887133
DAI,2022-07-29,6987503080
DAI,2022-07-30,7017296569
DAI,2022-07-31,7000315772
DAI,2022-08-01,6970932769
DAI,2022-08-02,6990217547
DAI,2022-08-03,6986805787
DAI,2022-08-04,6943602666
DAI,2022-08-05,7019347365
DAI,2022-08-06,7039553415
DAI,2022-08-07,7079507537
DAI,2022-08-08,7007186679
DAI,2022-08-09,7038383739
DAI,2022-08-10,7070219248
DAI,2022-08-11,7111295723
DAI,2022-08-12,7006540068
DAI,2022-08-13,6835569566
DAI,2022-08-14,6850039736
DAI,2022-08-15,6810131427
DAI,2022-08-16,6800406561
DAI,2022-08-17,6774115242
DAI,2022-08-18,6732521880
DAI,2022-08-19,6692115250
DAI,2022-08-20,6641386150
DAI,2022-08-21,6585844907
DAI,2022-08-22,6551101426
DAI,2022-08-23,6527072580
DAI,2022-08-24,6511799141
DAI,2022-08-25,6496625506
DAI,2022-08-26,6511205820
DAI,2022-08-27,6492428510
DAI,2022-08-28,6478053504
DAI,2022-08-29,6472676560
DAI,2022-08-30,6482996497
DAI,2022-08-31,6513654564
DAI,2022-09-01,6512129386
DAI,2022-09-02,6549160998
DAI,2022-09-03,6543246147
DAI,2022-09-04,6535145253
DAI,2022-09-05,6449107023
DAI,2022-09-06,6422655195
DAI,2022-09-07,6408253781
DAI,2022-09-08,6405523031
DAI,2022-09-09,6410185584
DAI,2022-09-10,6411812547
DAI,2022-09-11,6435984181
DAI,2022-09-12,6440832858
DAI,2022-09-13,6423856952
DAI,2022-09-14,6389593937
DAI,2022-09-15,6383386329
DAI,2022-09-16,6371976830
DAI,2022-09-17,6374280158
DAI,2022-09-18,6433988516
DAI,2022-09-19,6426077261
DAI,2022-09-20,6379837459
DAI,2022-09-21,6418571963
DAI,2022-09-22,6412136991
DAI,2022-09-23,6473956364
DAI,2022-09-24,6477347417
DAI,2022-09-25,6471422615
DAI,2022-09-26,6470564787
DAI,2022-09-27,6461496878
DAI,2022-09-28,6449756415
DAI,2022-09-29,6405633520
DAI,2022-09-30,6412476533
DAI,2022-10-01,6410597396
DAI,2022-10-02,6407231969
DAI,2022-10-03,6374829996
DAI,2022-10-04,6328114447
DAI,2022-10-05,6348183702
DAI,2022-10-06,6338818746
DAI,2022-10-07,6329709120
DAI,2022-10-08,6312891896
DAI,2022-10-09,6313922897
DAI,2022-10-10,6306111486
DAI,2022-10-11,6280328560
DAI,2022-10-12,6246283301
DAI,2022-10-13,6202179646
DAI,2022-10-14,6037140991
DAI,2022-10-15,6029027825
DAI,2022-10-16,6018984633
DAI,2022-10-17,6021437582
DAI,2022-10-18,6001394114
DAI,2022-10-19,5913645400
DAI,2022-10-20,5876697210
DAI,2022-10-21,5796976984
DAI,2022-10-22,5748038382
DAI,2022-10-23,5755030445
DAI,2022-10-24,5786191409
DAI,2022-10-25,5785277375
DAI,2022-10-26,5790557229
DAI,2022-10-27,5792095831
DAI,2022-10-28,5797115369
DAI,2022-10-29,5769620018
DAI,2022-10-30,5782823654
DAI,2022-10-31,5774959360
DAI,2022-11-01,5683797889
DAI,2022-11-02,5657479288
DAI,2022-11-03,5668050768
DAI,2022-11-04,5658283048
DAI,2022-11-05,5692143252
DAI,2022-11-06,5722149110
DAI,2022-11-07,5772096726
DAI,2022-11-08,5787183940
DAI,2022-11-09,5751459012
DAI,2022-11-10,5437149036
DAI,2022-11-11,5391555587
DAI,2022-11-12,5394004683
DAI,2022-11-13,5441699507
DAI,2022-11-14,5436348258
DAI,2022-11-15,5466952845
DAI,2022-11-16,5439447582
DAI,2022-11-17,5430814158
DAI,2022-11-18,5449264302
DAI,2022-11-19,5425238337
DAI,2022-11-20,5432064142
DAI,2022-11-21,5405934262
DAI,2022-11-22,5352993996
DAI,2022-11-23,5367921913
DAI,2022-11-24,5243752781
DAI,2022-11-25,5261562431
DAI,2022-11-26,5253903530
DAI,2022-11-27,5266875738
DAI,2022-11-28,5189391074
DAI,2022-11-29,5197232902
DAI,2022-11-30,5177508377
DAI,2022-12-01,5190940506
DAI,2022-12-02,5201199129
DAI,2022-12-03,5223885223
DAI,2022-12-04,5223149757
DAI,2022-12-05,5220263452
DAI,2022-12-06,5219747527
DAI,2022-12-07,5170128638
DAI,2022-12-08,5172166058
DAI,2022-12-09,5176241274
DAI,2022-12-10,5173767279
DAI,2022-12-11,5180175960
DAI,2022-12-12,5174745541
DAI,2022-12-13,5162671193
DAI,2022-12-14,5163529431
DAI,2022-12-15,5152553455
DAI,2022-12-16,5129580148
DAI,2022-12-17,5138333362
DAI,2022-12-18,5147283616
DAI,2022-12-19,5147824207
DAI,2022-12-20,5150611980
DAI,2022-12-21,5170854946
DAI,2022-12-22,5175522378
DAI,2022-12-23,5164093379
DAI,2022-12-24,5152980756
DAI,2022-12-25,5157601809
DAI,2022-12-26,5147332251
DAI,2022-12-27,5136178470
DAI,2022-12-28,5121377390
DAI,2022-12-29,5080248555
DAI,2022-12-30,5077444933
DAI,2022-12-31,5061925238
DAI,2023-01-01,5056502018
DAI,2023-01-02,5052759431
DAI,2023-01-03,5057787126
DAI,2023-01-04,5059363528
DAI,2023-01-05,5035185933
DAI,2023-01-06,5016002044
DAI,2023-01-07,5004284744
DAI,2023-01-08,5047474309
DAI,2023-01-09,5066075174
DAI,2023-01-10,5072548741
DAI,2023-01-11,5072035731
DAI,2023-01-12,5058553959
DAI,2023-01-13,5059736457
DAI,2023-01-14,5085914736
DAI,2023-01-15,5098324191
DAI,2023-01-16,5102948703
DAI,2023-01-17,5099089485
DAI,2023-01-18,5097905769
DAI,2023-01-19,5113297318
DAI,2023-01-20,5112344782
DAI,2023-01-21,5115147602
DAI,2023-01-22,5135175908
DAI,2023-01-23,5138197689
DAI,2023-01-24,5141679004
DAI,2023-01-25,5156257023
DAI,2023-01-26,5156618447
DAI,2023-01-27,5142995166
DAI,2023-01-28,5131479374
DAI,2023-01-29,5136085355
DAI,2023-01-30,5131945540
DAI,2023-01-31,5124448188
DAI,2023-02-01,5109220274
DAI,2023-02-02,5099834061
DAI,2023-02-03,5107263655
DAI,2023-02-04,5095939556
DAI,2023-02-05,5103033741
DAI,2023-02-06,5108661679
DAI,2023-02-07,5106194710
DAI,2023-02-08,5096385107
DAI,2023-02-09,5101680743
DAI,2023-02-10,5089114275
DAI,2023-02-11,5083865127
DAI,2023-02-12,5081238186
DAI,2023-02-13,5082389286
DAI,2023-02-14,5095430331
DAI,2023-02-15,5086432467
DAI,2023-02-16,5087085609
DAI,2023-02-17,5090497126
DAI,2023-02-18,5069755254
DAI,2023-02-19,5082188199
DAI,2023-02-20,5084376219
DAI,2023-02-21,5087755205
DAI,2023-02-22,5025497973
DAI,2023-02-23,5034632736
DAI,2023-02-24,5023801940
DAI,2023-02-25,5022538524
DAI,2023-02-26,5022390510
DAI,2023-02-27,5027887498
DAI,2023-02-28,5031544883
DAI,2023-03-01,5025249703
DAI,2023-03-02,5013821892
DAI,2023-03-03,5022905153
DAI,2023-03-04,5008414439
DAI,2023-03-05,5016539623
DAI,2023-03-06,5002052962
DAI,2023-03-07,5004616099
DAI,2023-03-08,4992034728
DAI,2023-03-09,4978720763
DAI,2023-03-10,4914241779
DAI,2023-03-11,5099872824
DAI,2023-03-12,5829992476
DAI,2023-03-13,6354719957
DAI,2023-03-14,6281301167
DAI,2023-03-15,6040897060
DAI,2023-03-16,5795515043
DAI,2023-03-17,5566042447
DAI,2023-03-18,5459068162
DAI,2023-03-19,5430257937
DAI,2023-03-20,5409493536
DAI,2023-03-21,5399321748
DAI,2023-03-22,5386927527
DAI,2023-03-23,5295219811
DAI,2023-03-24,5283706491
DAI,2023-03-25,5243400361
DAI,2023-03-26,5241821138
DAI,2023-03-27,5234584092
DAI,2023-03-28,5147163334
DAI,2023-03-29,5118816202
DAI,2023-03-30,5103349240
DAI,2023-03-31,5096764173
DAI,2023-04-01,5097219737
DAI,2023-04-02,5098655957
DAI,2023-04-03,5109383566
DAI,2023-04-04,5092490382
DAI,2023-04-05,5093332050
DAI,2023-04-06,5083854788
DAI,2023-04-07,5085068955
DAI,2023-04-08,5082352628
DAI,2023-04-09,5077677554
DAI,2023-04-10,5070362809
DAI,2023-04-11,5056286415
DAI,2023-04-12,5044866926
DAI,2023-04-13,5020927008
DAI,2023-04-14,5010239606
DAI,2023-04-15,5013234144
DAI,2023-04-16,5026673664
DAI,2023-04-17,5015182398
DAI,2023-04-18,4882603473
DAI,2023-04-19,4864412825
DAI,2023-04-20,4857992464
DAI,2023-04-21,4850557997
DAI,2023-04-22,4800943948
DAI,2023-04-23,4780968554
DAI,2023-04-24,4779184914
DAI,2023-04-25,4790025999
DAI,2023-04-26,4788214973
DAI,2023-04-27,4791491746
DAI,2023-04-28,4782182539
DAI,2023-04-29,4732221148
DAI,2023-04-30,4732465508
DAI,2023-05-01,4736276544
DAI,2023-05-02,4728180040
DAI,2023-05-03,4704545501
DAI,2023-05-04,4685816678
DAI,2023-05-05,4681419453
DAI,2023-05-06,4672681864
DAI,2023-05-07,4684342312
DAI,2023-05-08,4685152787
DAI,2023-05-09,4686842442
DAI,2023-05-10,4691134797
DAI,2023-05-11,4689552524
DAI,2023-05-12,4683186811
DAI,2023-05-13,4668987848
DAI,2023-05-14,4668606133
DAI,2023-05-15,4667519689
DAI,2023-05-16,4663501672
DAI,2023-05-17,4664002699
DAI,2023-05-18,4667718936
DAI,2023-05-19,4668603960
DAI,2023-05-20,4666010659
DAI,2023-05-21,4648066388
DAI,2023-05-22,4658779379
DAI,2023-05-23,4655179883
DAI,2023-05-24,4635891798
DAI,2023-05-25,4624612751
DAI,2023-05-26,4622155160
DAI,2023-05-27,4618938219
DAI,2023-05-28,4622298595
DAI,2023-05-29,4623864067
DAI,2023-05-30,4626740896
DAI,2023-05-31,4629017274
DAI,2023-06-01,4619862639
DAI,2023-06-02,4602232131
DAI,2023-06-03,4591182850
DAI,2023-06-04,4589517144
DAI,2023-06-05,4589299270
DAI,2023-06-06,4586122571
DAI,2023-06-07,4573340863
DAI,2023-06-08,4568056316
DAI,2023-06-09,4552607685
DAI,2023-06-10,4542446167
DAI,2023-06-11,4544382326
DAI,2023-06-12,4542050532
DAI,2023-06-13,4516549995
DAI,2023-06-14,4491866997
DAI,2023-06-15,4484712392
DAI,2023-06-16,4390326664
DAI,2023-06-17,4398108246
DAI,2023-06-18,4416537189
DAI,2023-06-19,4426960688
DAI,2023-06-20,4420215648
DAI,2023-06-21,4445905218
DAI,2023-06-22,4424675101
DAI,2023-06-23,4447843472
DAI,2023-06-24,4452673151
DAI,2023-06-25,4454474273
DAI,2023-06-26,4449300505
DAI,2023-06-27,4425650858
DAI,2023-06-28,4410084564
DAI,2023-06-29,4397271965
DAI,2023-06-30,4379764323
DAI,2023-07-01,4344009117
DAI,2023-07-02,4341983422
DAI,2023-07-03,4338410396
DAI,2023-07-04,4333263420
DAI,2023-07-05,4334866213
DAI,2023-07-06,4317257780
DAI,2023-07-07,4310592303
DAI,2023-07-08,4307563296
DAI,2023-07-09,4299681210
DAI,2023-07-10,4293474192
DAI,2023-07-11,4287056748
DAI,2023-07-12,4293116204
DAI,2023-07-13,4282971651
DAI,2023-07-14,4286614846
DAI,2023-07-15,4281243577
DAI,2023-07-16,4282335315
DAI,2023-07-17,4276316834
DAI,2023-07-18,4267715079
DAI,2023-07-19,4266628279
DAI,2023-07-20,4257529974
DAI,2023-07-21,4251104355
DAI,2023-07-22,4230107612
DAI,2023-07-23,4231119449
DAI,2023-07-24,4232543995
DAI,2023-07-25,4201157577
DAI,2023-07-26,4194984831
DAI,2023-07-27,4181562937
DAI,2023-07-28,4175435568
DAI,2023-07-29,4155154881
DAI,2023-07-30,4149437260
DAI,2023-07-31,4153599268
DAI,2023-08-01,4167675662
DAI,2023-08-02,4107008272
DAI,2023-08-03,4080386474
DAI,2023-08-04,4053444400
DAI,2023-08-05,4029865044
DAI,2023-08-06,4035369905
DAI,2023-08-07,4032490489
DAI,2023-08-08,4025817928
DAI,2023-08-09,4042969770
DAI,2023-08-10,4046545252
DAI,2023-08-11,4005561358
DAI,2023-08-12,3969319820
DAI,2023-08-13,4007354627
DAI,2023-08-14,3993144855
DAI,2023-08-15,3964872714
DAI,2023-08-16,3927748770
DAI,2023-08-17,3925028254
DAI,2023-08-18,3933424140
DAI,2023-08-19,3931626061
DAI,2023-08-20,3929053540
DAI,2023-08-21,3969985874
DAI,2023-08-22,5085500655
DAI,2023-08-23,5081764129
DAI,2023-08-24,5065070487
DAI,2023-08-25,5112143122
DAI,2023-08-26,5104549537
DAI,2023-08-27,5134665931
DAI,2023-08-28,5152157924
DAI,2023-08-29,5154730845
DAI,2023-08-30,5197303938
DAI,2023-08-31,5204661950
DAI,2023-09-01,5214990618
DAI,2023-09-02,5201377691
DAI,2023-09-03,5220532564
DAI,2023-09-04,5236386776
DAI,2023-09-05,5227719419
DAI,2023-09-06,5218466328
DAI,2023-09-07,5248477681
DAI,2023-09-08,5240798289
DAI,2023-09-09,5258385392
DAI,2023-09-10,5265512832
DAI,2023-09-11,5290034840
DAI,2023-09-12,5300287318
DAI,2023-09-13,5314066059
DAI,2023-09-14,5334090820
DAI,2023-09-15,5361328213
DAI,2023-09-16,5370670849
DAI,2023-09-17,5391639726
DAI,2023-09-18,5425403996
DAI,2023-09-19,5410308346
DAI,2023-09-20,5415874632
DAI,2023-09-21,5422717843
DAI,2023-09-22,5428867004
DAI,2023-09-23,5432447136
DAI,2023-09-24,5458992191
DAI,2023-09-25,5463760141
DAI,2023-09-26,5461293854
DAI,2023-09-27,5458298456
DAI,2023-09-28,5453864063
DAI,2023-09-29,5475998005
DAI,2023-09-30,5485378687
DAI,2023-10-01,5478876919
DAI,2023-10-02,5485345143
DAI,2023-10-03,5495064665
DAI,2023-10-04,5477242060
DAI,2023-10-05,5472486832
DAI,2023-10-06,5471003803
DAI,2023-10-07,5477264779
DAI,2023-10-08,5487036588
DAI,2023-10-09,5497513155
DAI,2023-10-10,5506574128
DAI,2023-10-11,5501287634
DAI,2023-10-12,5483900054
DAI,2023-10-13,5450677235
DAI,2023-10-14,5458065205
DAI,2023-10-15,5476087407
DAI,2023-10-16,5483128141
DAI,2023-10-17,5476174356
DAI,2023-10-18,5484577126
DAI,2023-10-19,5483484755
DAI,2023-10-20,5516688459
DAI,2023-10-21,5540157449
DAI,2023-10-22,5550758859
DAI,2023-10-23,5554864953
DAI,2023-10-24,5510883570
DAI,2023-10-25,5483672839
DAI,2023-10-26,5480575965
DAI,2023-10-27,5495332659
DAI,2023-10-28,5468731144
DAI,2023-10-29,5444691075
DAI,2023-10-30,5436257315
DAI,2023-10-31,5342821155
DAI,2023-11-01,5287336681
DAI,2023-11-02,5337492124
DAI,2023-11-03,5326571398
DAI,2023-11-04,5331439343
DAI,2023-11-05,5349348702
DAI,2023-11-06,5344181928
DAI,2023-11-07,5330370526
DAI,2023-11-08,5317462505
DAI,2023-11-09,5283067262
DAI,2023-11-10,5275335773
DAI,2023-11-11,5256992533
DAI,2023-11-12,5286480319
DAI,2023-11-13,5270872341
DAI,2023-11-14,5254549206
DAI,2023-11-15,5227581784
DAI,2023-11-16,5215510801
DAI,2023-11-17,5207365933
DAI,2023-11-18,5196263570
DAI,2023-11-19,5210481998
DAI,2023-11-20,5232165262
DAI,2023-11-21,5223326418
DAI,2023-11-22,5236274967
DAI,2023-11-23,5235805645
DAI,2023-11-24,5234612331
DAI,2023-11-25,5268065361
DAI,2023-11-26,5285673286
DAI,2023-11-27,5290788423
DAI,2023-11-28,5277763272
DAI,2023-11-29,5281642076
DAI,2023-11-30,5279748080
DAI,2023-12-01,5281563851
DAI,2023-12-02,5274416214
DAI,2023-12-03,5260495810
DAI,2023-12-04,5282108988
DAI,2023-12-05,5296753627
DAI,2023-12-06,5294583435
DAI,2023-12-07,5312218620
DAI,2023-12-08,5324896820
DAI,2023-12-09,5341425790
DAI,2023-12-10,5360690841
DAI,2023-12-11,5366211499
DAI,2023-12-12,5324118362
DAI,2023-12-13,5225223485
DAI,2023-12-14,5205753750
DAI,2023-12-15,5203731059
DAI,2023-12-16,5186598849
DAI,2023-12-17,5218317603
DAI,2023-12-18,5219995202
DAI,2023-12-19,5229859277
DAI,2023-12-20,5226985397
DAI,2023-12-21,5228354219
DAI,2023-12-22,5228821710
DAI,2023-12-23,5243131404
DAI,2023-12-24,5268833981
DAI,2023-12-25,5267079542
DAI,2023-12-26,5250732612
DAI,2023-12-27,5229957177
DAI,2023-12-28,5225992129
DAI,2023-12-29,5202648234
DAI,2023-12-30,5200956943
DAI,2023-12-31,5189602665
USDC,2022-01-01,38019686686
USDC,2022-01-02,42549565818
USDC,2022-01-03,42641327349
USDC,2022-01-04,42687912491
USDC,2022-01-05,42785333024
USDC,2022-01-06,42961099326
USDC,2022-01-07,43225368240
USDC,2022-01-08,43225368240
USDC,2022-01-09,43582658995
USDC,2022-01-10,43635931592
USDC,2022-01-11,43987565688
USDC,2022-01-12,44166089917
USDC,2022-01-13,44774203526
USDC,2022-01-14,45035577584
USDC,2022-01-15,45137094666
USDC,2022-01-16,45237354153
USDC,2022-01-17,45430902660
USDC,2022-01-18,45637274267
USDC,2022-01-19,45764592269
USDC,2022-01-20,46058070986
USDC,2022-01-21,46428142404
USDC,2022-01-22,46428142404
USDC,2022-01-23,47960656738
USDC,2022-01-24,47960656738
USDC,2022-01-25,48227447406
USDC,2022-01-26,48751308900
USDC,2022-01-27,49162186990
USDC,2022-01-28,49593244050
USDC,2022-01-29,49629722996
USDC,2022-01-30,49822470988
USDC,2022-01-31,49794511801
USDC,2022-02-01,49918615204
USDC,2022-02-02,50255165742
USDC,2022-02-03,50530744243
USDC,2022-02-04,50891956574
USDC,2022-02-05,51126955863
USDC,2022-02-06,51125781969
USDC,2022-02-07,51171401396
USDC,2022-02-08,51376105826
USDC,2022-02-09,51617308590
USDC,2022-02-10,51900324270
USDC,2022-02-11,52054797409
USDC,2022-02-12,52250598202
USDC,2022-02-13,52335045828
USDC,2022-02-14,52473422561
USDC,2022-02-15,52507811955
USDC,2022-02-16,52544445045
USDC,2022-02-17,52583527243
USDC,2022-02-18,52570695424
USDC,2022-02-19,52556151807
USDC,2022-02-20,52684758315
USDC,2022-02-21,52682266469
USDC,2022-02-22,52707824144
USDC,2022-02-23,52829973428
USDC,2022-02-24,52870303586
USDC,2022-02-25,53249174589
USDC,2022-02-26,53155258428
USDC,2022-02-27,53354079813
USDC,2022-02-28,53569960348
USDC,2022-03-01,53458489275
USDC,2022-03-02,53535209641
USDC,2022-03-03,53460734124
USDC,2022-03-04,53414694791
USDC,2022-03-05,52845480301
USDC,2022-03-06,52941838088
USDC,2022-03-07,52806695838
USDC,2022-03-08,52183496667
USDC,2022-03-09,52392565506
USDC,2022-03-10,52382602556
USDC,2022-03-11,52536873749
USDC,2022-03-12,52458033805
USDC,2022-03-13,52421564168
USDC,2022-03-14,52430189478
USDC,2022-03-15,52442627223
USDC,2022-03-16,52304672903
USDC,2022-03-17,52316342175
USDC,2022-03-18,52799091236
USDC,2022-03-19,52830384958
USDC,2022-03-20,52865924687
USDC,2022-03-21,52986600673
USDC,2022-03-22,53033013665
USDC,2022-03-23,52648557138
USDC,2022-03-24,52312387349
USDC,2022-03-25,52500264885
USDC,2022-03-26,51872642831
USDC,2022-03-27,51968286155
USDC,2022-03-28,51983272483
USDC,2022-03-29,52033109393
USDC,2022-03-30,51996541151
USDC,2022-03-31,52132452506
USDC,2022-04-01,51709881549
USDC,2022-04-02,51950236855
USDC,2022-04-03,51852952209
USDC,2022-04-04,51625573576
USDC,2022-04-05,51611805895
USDC,2022-04-06,51298300549
USDC,2022-04-07,50746204263
USDC,2022-04-08,50918438013
USDC,2022-04-09,50844820961
USDC,2022-04-10,50831613834
USDC,2022-04-11,50938471710
USDC,2022-04-12,50626993742
USDC,2022-04-13,50557027126
USDC,2022-04-14,50352516151
USDC,2022-04-15,50227458393
USDC,2022-04-16,50134682250
USDC,2022-04-17,50054012926
USDC,2022-04-18,50048713208
USDC,2022-04-19,49860188964
USDC,2022-04-20,50018475091
USDC,2022-04-21,49863548515
USDC,2022-04-22,49861799100
USDC,2022-04-23,49885461217
USDC,2022-04-24,49903732595
USDC,2022-04-25,49912345763
USDC,2022-04-26,49854024064
USDC,2022-04-27,49362464745
USDC,2022-04-28,49391470739
USDC,2022-04-29,49383094281
USDC,2022-04-30,49286152379
USDC,2022-05-01,49179894108
USDC,2022-05-02,49285265563
USDC,2022-05-03,49141005064
USDC,2022-05-04,49029382275
USDC,2022-05-05,48776655221
USDC,2022-05-06,48837550840
USDC,2022-05-07,48447145524
USDC,2022-05-08,48504620166
USDC,2022-05-09,48540724745
USDC,2022-05-10,48451920962
USDC,2022-05-11,48451920962
USDC,2022-05-12,49696713386
USDC,2022-05-13,49696713386
USDC,2022-05-14,50782055666
USDC,2022-05-15,51097427964
USDC,2022-05-16,51138746905
USDC,2022-05-17,52047290599
USDC,2022-05-18,52248992124
USDC,2022-05-19,52353529729
USDC,2022-05-20,52708142020
USDC,2022-05-21,52937861004
USDC,2022-05-22,53047105856
USDC,2022-05-23,53078695401
USDC,2022-05-24,53310325241
USDC,2022-05-25,53398883662
USDC,2022-05-26,53421325501
USDC,2022-05-27,53196594240
USDC,2022-05-28,53557691075
USDC,2022-05-29,53690918718
USDC,2022-05-30,53696778619
USDC,2022-05-31,53740917066
USDC,2022-06-01,53965998316
USDC,2022-06-02,54799193013
USDC,2022-06-03,54119107068
USDC,2022-06-04,54095128062
USDC,2022-06-05,54065388963
USDC,2022-06-06,54055865360
USDC,2022-06-07,53743345407
USDC,2022-06-08,53810188940
USDC,2022-06-09,53769837651
USDC,2022-06-10,53791821802
USDC,2022-06-11,53144746090
USDC,2022-06-12,53076161679
USDC,2022-06-13,53224899530
USDC,2022-06-14,53337651191
USDC,2022-06-15,53319593202
USDC,2022-06-16,53483595950
USDC,2022-06-17,53835748399
USDC,2022-06-18,54370927685
USDC,2022-06-19,54650530329
USDC,2022-06-20,55158414165
USDC,2022-06-21,54947604808
USDC,2022-06-22,55086476489
USDC,2022-06-23,55080391647
USDC,2022-06-24,54862379135
USDC,2022-06-25,54941607039
USDC,2022-06-26,55100604206
USDC,2022-06-27,55149302508
USDC,2022-06-28,54698932012
USDC,2022-06-29,54815361633
USDC,2022-06-30,54856604116
USDC,2022-07-01,54936211357
USDC,2022-07-02,54925910583
USDC,2022-07-03,54982243801
USDC,2022-07-04,54991190827
USDC,2022-07-05,55134883530
USDC,2022-07-06,55066135793
USDC,2022-07-07,54812392858
USDC,2022-07-08,54642413499
USDC,2022-07-09,54695202302
USDC,2022-07-10,54624871878
USDC,2022-07-11,54671697554
USDC,2022-07-12,54699936846
USDC,2022-07-13,54587310998
USDC,2022-07-14,54585468373
USDC,2022-07-15,54533826814
USDC,2022-07-16,54081737317
USDC,2022-07-17,54071732162
USDC,2022-07-18,54046926330
USDC,2022-07-19,54068077264
USDC,2022-07-20,53978364507
USDC,2022-07-21,54159942837
USDC,2022-07-22,54232540582
USDC,2022-07-23,54261692360
USDC,2022-07-24,54379972263
USDC,2022-07-25,54369542954
USDC,2022-07-26,54306232832
USDC,2022-07-27,54361164090
USDC,2022-07-28,54343399948
USDC,2022-07-29,53893876390
USDC,2022-07-30,53849225541
USDC,2022-07-31,53683064877
USDC,2022-08-01,53726203735
USDC,2022-08-02,53796587736
USDC,2022-08-03,53630543704
USDC,2022-08-04,53657548306
USDC,2022-08-05,53478347607
USDC,2022-08-06,53619870825
USDC,2022-08-07,53601863935
USDC,2022-08-08,53588099521
USDC,2022-08-09,53430802757
USDC,2022-08-10,53341661953
USDC,2022-08-11,53200912924
USDC,2022-08-12,53063299734
USDC,2022-08-13,53089031126
USDC,2022-08-14,53081467993
USDC,2022-08-15,52867217540
USDC,2022-08-16,52799309753
USDC,2022-08-17,52749290195
USDC,2022-08-18,52493601327
USDC,2022-08-19,52104509021
USDC,2022-08-20,51727137558
USDC,2022-08-21,51690403339
USDC,2022-08-22,51824006610
USDC,2022-08-23,51518618601
USDC,2022-08-24,51620113409
USDC,2022-08-25,51512901835
USDC,2022-08-26,51378982418
USDC,2022-08-27,51487872608
USDC,2022-08-28,51534370411
USDC,2022-08-29,51486631605
USDC,2022-08-30,51570546415
USDC,2022-08-31,51678549587
USDC,2022-09-01,51590370547
USDC,2022-09-02,51348197790
USDC,2022-09-03,51153820875
USDC,2022-09-04,51174630439
USDC,2022-09-05,51203610304
USDC,2022-09-06,51181892745
USDC,2022-09-07,50907240900
USDC,2022-09-08,51042989039
USDC,2022-09-09,50997992027
USDC,2022-09-10,51050879465
USDC,2022-09-11,51019974301
USDC,2022-09-12,50936944872
USDC,2022-09-13,50809493417
USDC,2022-09-14,50681108642
USDC,2022-09-15,50084380811
USDC,2022-09-16,49669098319
USDC,2022-09-17,49526524592
USDC,2022-09-18,49515350023
USDC,2022-09-19,49499176315
USDC,2022-09-20,49340934604
USDC,2022-09-21,49506165304
USDC,2022-09-22,49308982073
USDC,2022-09-23,49231187798
USDC,2022-09-24,49073761635
USDC,2022-09-25,49050254408
USDC,2022-09-26,48807362387
USDC,2022-09-27,48625214021
USDC,2022-09-28,48518903644
USDC,2022-09-29,48205971524
USDC,2022-09-30,47899407163
USDC,2022-10-01,46619611047
USDC,2022-10-02,46613738497
USDC,2022-10-03,46678435900
USDC,2022-10-04,46509624316
USDC,2022-10-05,46006787853
USDC,2022-10-06,45736691972
USDC,2022-10-07,45539319447
USDC,2022-10-08,45431686757
USDC,2022-10-09,45389156713
USDC,2022-10-10,45387752873
USDC,2022-10-11,45316481882
USDC,2022-10-12,45255103527
USDC,2022-10-13,45090996045
USDC,2022-10-14,44710075515
USDC,2022-10-15,44349247940
USDC,2022-10-16,44337665611
USDC,2022-10-17,44334672292
USDC,2022-10-18,44108792498
USDC,2022-10-19,43885450342
USDC,2022-10-20,43683773734
USDC,2022-10-21,43252431223
USDC,2022-10-22,43191998530
USDC,2022-10-23,43255109248
USDC,2022-10-24,43265485869
USDC,2022-10-25,43123867342
USDC,2022-10-26,43137558850
USDC,2022-10-27,43178435516
USDC,2022-10-28,43194850028
USDC,2022-10-29,43077339412
USDC,2022-10-30,43028537876
USDC,2022-10-31,43017550469
USDC,2022-11-01,42748681429
USDC,2022-11-02,42330104077
USDC,2022-11-03,41843624998
USDC,2022-11-04,41395137770
USDC,2022-11-05,41416693167
USDC,2022-11-06,41336999807
USDC,2022-11-07,41698583675
USDC,2022-11-08,42489263465
USDC,2022-11-09,42129207127
USDC,2022-11-10,42218821815
USDC,2022-11-11,42834596770
USDC,2022-11-12,43340036858
USDC,2022-11-13,43482420930
USDC,2022-11-14,43446544668
USDC,2022-11-15,43488762547
USDC,2022-11-16,43800330700
USDC,2022-11-17,43758235994
USDC,2022-11-18,43507651864
USDC,2022-11-19,43791914996
USDC,2022-11-20,43843771600
USDC,2022-11-21,43914502290
USDC,2022-11-22,43519430981
USDC,2022-11-23,43534633893
USDC,2022-11-24,43236266582
USDC,2022-11-25,43430142436
USDC,2022-11-26,43384627129
USDC,2022-11-27,43567987310
USDC,2022-11-28,43708198071
USDC,2022-11-29,43181658625
USDC,2022-11-30,42807756360
USDC,2022-12-01,42739041583
USDC,2022-12-02,42592471004
USDC,2022-12-03,42733811728
USDC,2022-12-04,42845723436
USDC,2022-12-05,42974788845
USDC,2022-12-06,42683118139
USDC,2022-12-07,42543671065
USDC,2022-12-08,42331667033
USDC,2022-12-09,42292932213
USDC,2022-12-10,42247074934
USDC,2022-12-11,42290118369
USDC,2022-12-12,42301377524
USDC,2022-12-13,42074216724
USDC,2022-12-14,44626616042
USDC,2022-12-15,44688619058
USDC,2022-12-16,44577243325
USDC,2022-12-17,44346361183
USDC,2022-12-18,44391601210
USDC,2022-12-19,44423748797
USDC,2022-12-20,44053252635
USDC,2022-12-21,43990112230
USDC,2022-12-22,43804615636
USDC,2022-12-23,43739095673
USDC,2022-12-24,43687642813
USDC,2022-12-25,43824498695
USDC,2022-12-26,43932373714
USDC,2022-12-27,44029716309
USDC,2022-12-28,43733866515
USDC,2022-12-29,43974243040
USDC,2022-12-30,44028750640
USDC,2022-12-31,44099863896
USDC,2023-01-01,44128050714
USDC,2023-01-02,44187371838
USDC,2023-01-03,44292114800
USDC,2023-01-04,43755897726
USDC,2023-01-05,43707557292
USDC,2023-01-06,43299974347
USDC,2023-01-07,43268699457
USDC,2023-01-08,43387399345
USDC,2023-01-09,43528571993
USDC,2023-01-10,43178991852
USDC,2023-01-11,43248929190
USDC,2023-01-12,43376173705
USDC,2023-01-13,43497346143
USDC,2023-01-14,43019641206
USDC,2023-01-15,43256713977
USDC,2023-01-16,43471957434
USDC,2023-01-17,43411669158
USDC,2023-01-18,43137150755
USDC,2023-01-19,42668616303
USDC,2023-01-20,42558209004
USDC,2023-01-21,42749802510
USDC,2023-01-22,42928688531
USDC,2023-01-23,43067678014
USDC,2023-01-24,43061027705
USDC,2023-01-25,43225760695
USDC,2023-01-26,43129927507
USDC,2023-01-27,42883164714
USDC,2023-01-28,42651052010
USDC,2023-01-29,42686584108
USDC,2023-01-30,42566618284
USDC,2023-01-31,42155501707
USDC,2023-02-01,41871646731
USDC,2023-02-02,41863253556
USDC,2023-02-03,41916156505
USDC,2023-02-04,41463032779
USDC,2023-02-05,41436743967
USDC,2023-02-06,41495257893
USDC,2023-02-07,41342044374
USDC,2023-02-08,41168900667
USDC,2023-02-09,41006514986
USDC,2023-02-10,40981967912
USDC,2023-02-11,40852727448
USDC,2023-02-12,40781641461
USDC,2023-02-13,40709074101
USDC,2023-02-14,40443960753
USDC,2023-02-15,40525652946
USDC,2023-02-16,40975801486
USDC,2023-02-17,41155854966
USDC,2023-02-18,41399631618
USDC,2023-02-19,41361539306
USDC,2023-02-20,41409293788
USDC,2023-02-21,41474981309
USDC,2023-02-22,41628495125
USDC,2023-02-23,41656338630
USDC,2023-02-24,41792319067
USDC,2023-02-25,42043206419
USDC,2023-02-26,42116692266
USDC,2023-02-27,42161843277
USDC,2023-02-28,42130176064
USDC,2023-03-01,41998033686
USDC,2023-03-02,42086086516
USDC,2023-03-03,42693916969
USDC,2023-03-04,42990691625
USDC,2023-03-05,43224112097
USDC,2023-03-06,43489028917
USDC,2023-03-07,43288611943
USDC,2023-03-08,43227648530
USDC,2023-03-09,43197203559
USDC,2023-03-10,43176044700
USDC,2023-03-11,42200261242
USDC,2023-03-12,40661099587
USDC,2023-03-13,40468620896
USDC,2023-03-14,39082309637
USDC,2023-03-15,38107230325
USDC,2023-03-16,37201853852
USDC,2023-03-17,36625309641
USDC,2023-03-18,35900827555
USDC,2023-03-19,35896107315
USDC,2023-03-20,35864646603
USDC,2023-03-21,35127847500
USDC,2023-03-22,35018475849
USDC,2023-03-23,34561811567
USDC,2023-03-24,34226726304
USDC,2023-03-25,33699932832
USDC,2023-03-26,33687836176
USDC,2023-03-27,33654085958
USDC,2023-03-28,33230005206
USDC,2023-03-29,32934314212
USDC,2023-03-30,32892475877
USDC,2023-03-31,32596518671
USDC,2023-04-01,32263624903
USDC,2023-04-02,32217032516
USDC,2023-04-03,32242579486
USDC,2023-04-04,32407648440
USDC,2023-04-05,32366379216
USDC,2023-04-06,32292582445
USDC,2023-04-07,32458357943
USDC,2023-04-08,32368455615
USDC,2023-04-09,32373973329
USDC,2023-04-10,32348239340
USDC,2023-04-11,32244073459
USDC,2023-04-12,32190008800
USDC,2023-04-13,31916012075
USDC,2023-04-14,31778490748
USDC,2023-04-15,31690139980
USDC,2023-04-16,31679783075
USDC,2023-04-17,31672385116
USDC,2023-04-18,31515167319
USDC,2023-04-19,31259252221
USDC,2023-04-20,31024125150
USDC,2023-04-21,30843626016
USDC,2023-04-22,30624432910
USDC,2023-04-23,30626893202
USDC,2023-04-24,30664917788
USDC,2023-04-25,30577494462
USDC,2023-04-26,30584538650
USDC,2023-04-27,30622150699
USDC,2023-04-28,30345877099
USDC,2023-04-29,30371295833
USDC,2023-04-30,30383345254
USDC,2023-05-01,30377707020
USDC,2023-05-02,30250696805
USDC,2023-05-03,30092013409
USDC,2023-05-04,30054378366
USDC,2023-05-05,29976504364
USDC,2023-05-06,30248649114
USDC,2023-05-07,30250436795
USDC,2023-05-08,30246077309
USDC,2023-05-09,30070588797
USDC,2023-05-10,29969310073
USDC,2023-05-11,29953642808
USDC,2023-05-12,29777410301
USDC,2023-05-13,29824998855
USDC,2023-05-14,29831494602
USDC,2023-05-15,29791341213
USDC,2023-05-16,29648720457
USDC,2023-05-17,29547500679
USDC,2023-05-18,29389266617
USDC,2023-05-19,29511174727
USDC,2023-05-20,29423527449
USDC,2023-05-21,29422981307
USDC,2023-05-22,29413145320
USDC,2023-05-23,29297607147
USDC,2023-05-24,29159242313
USDC,2023-05-25,28941549928
USDC,2023-05-26,28872556088
USDC,2023-05-27,28895224890
USDC,2023-05-28,28872583112
USDC,2023-05-29,28850915125
USDC,2023-05-30,28895495640
USDC,2023-05-31,28822973056
USDC,2023-06-01,28665011224
USDC,2023-06-02,28740695806
USDC,2023-06-03,28776788278
USDC,2023-06-04,28766911374
USDC,2023-06-05,28770478586
USDC,2023-06-06,28690969178
USDC,2023-06-07,28537436828
USDC,2023-06-08,28388688620
USDC,2023-06-09,28288057737
USDC,2023-06-10,28120319455
USDC,2023-06-11,28181539134
USDC,2023-06-12,28202990012
USDC,2023-06-13,28118370623
USDC,2023-06-14,27986919456
USDC,2023-06-15,27888345408
USDC,2023-06-16,28004076314
USDC,2023-06-17,28145000251
USDC,2023-06-18,28140675825
USDC,2023-06-19,28130413960
USDC,2023-06-20,28249176070
USDC,2023-06-21,28346860716
USDC,2023-06-22,28232880812
USDC,2023-06-23,28206917825
USDC,2023-06-24,28211878780
USDC,2023-06-25,28223195845
USDC,2023-06-26,28224054250
USDC,2023-06-27,28127374900
USDC,2023-06-28,27979425219
USDC,2023-06-29,27866383227
USDC,2023-06-30,27724620748
USDC,2023-07-01,27132925414
USDC,2023-07-02,27152516863
USDC,2023-07-03,27157152929
USDC,2023-07-04,27438030473
USDC,2023-07-05,27468737486
USDC,2023-07-06,27415757731
USDC,2023-07-07,27272490404
USDC,2023-07-08,27213544329
USDC,2023-07-09,27211802158
USDC,2023-07-10,27216440803
USDC,2023-07-11,27109264131
USDC,2023-07-12,27060818639
USDC,2023-07-13,26988918818
USDC,2023-07-14,27155801117
USDC,2023-07-15,27016341485
USDC,2023-07-16,27025204611
USDC,2023-07-17,27045950391
USDC,2023-07-18,26816244126
USDC,2023-07-19,26746754219
USDC,2023-07-20,26634551829
USDC,2023-07-21,26582269438
USDC,2023-07-22,26534110284
USDC,2023-07-23,26526966073
USDC,2023-07-24,26519666418
USDC,2023-07-25,26397964508
USDC,2023-07-26,26322031148
USDC,2023-07-27,26233307648
USDC,2023-07-28,26251972715
USDC,2023-07-29,26224182963
USDC,2023-07-30,26262929510
USDC,2023-07-31,26261362184
USDC,2023-08-01,26195419435
USDC,2023-08-02,25989002607
USDC,2023-08-03,25864742745
USDC,2023-08-04,25765219602
USDC,2023-08-05,25690465626
USDC,2023-08-06,25688180548
USDC,2023-08-07,25686797963
USDC,2023-08-08,25811578349
USDC,2023-08-09,25956408430
USDC,2023-08-10,25945179045
USDC,2023-08-11,25815464791
USDC,2023-08-12,25782353613
USDC,2023-08-13,25823761081
USDC,2023-08-14,25853211025
USDC,2023-08-15,25662906710
USDC,2023-08-16,25703967100
USDC,2023-08-17,25742157859
USDC,2023-08-18,25790323246
USDC,2023-08-19,25457553060
USDC,2023-08-20,25644378207
USDC,2023-08-21,25649020295
USDC,2023-08-22,25646447437
USDC,2023-08-23,25592161638
USDC,2023-08-24,25680714466
USDC,2023-08-25,25569315469
USDC,2023-08-26,25635926640
USDC,2023-08-27,25688679094
USDC,2023-08-28,25746763037
USDC,2023-08-29,25733184247
USDC,2023-08-30,25869198762
USDC,2023-08-31,25827476369
USDC,2023-09-01,25914941130
USDC,2023-09-02,25857627495
USDC,2023-09-03,25870674648
USDC,2023-09-04,25916593491
USDC,2023-09-05,25760615013
USDC,2023-09-06,25596726929
USDC,2023-09-07,25579952964
USDC,2023-09-08,25419930515
USDC,2023-09-09,25550154541
USDC,2023-09-10,25580353050
USDC,2023-09-11,25640222571
USDC,2023-09-12,25571258531
USDC,2023-09-13,25675045073
USDC,2023-09-14,25714552942
USDC,2023-09-15,25670470756
USDC,2023-09-16,25612143584
USDC,2023-09-17,25666974546
USDC,2023-09-18,25671163379
USDC,2023-09-19,25634462258
USDC,2023-09-20,25560926090
USDC,2023-09-21,25479830926
USDC,2023-09-22,25298919373
USDC,2023-09-23,25252642283
USDC,2023-09-24,25266630378
USDC,2023-09-25,25272353934
USDC,2023-09-26,25091997278
USDC,2023-09-27,25071733285
USDC,2023-09-28,24940524453
USDC,2023-09-29,25104355641
USDC,2023-09-30,24719546593
USDC,2023-10-01,24776652510
USDC,2023-10-02,24801192130
USDC,2023-10-03,24938605244
USDC,2023-10-04,24796660212
USDC,2023-10-05,24718523751
USDC,2023-10-06,24713919407
USDC,2023-10-07,24987213634
USDC,2023-10-08,25015532573
USDC,2023-10-09,25030759136
USDC,2023-10-10,24999133168
USDC,2023-10-11,24879384406
USDC,2023-10-12,24713509050
USDC,2023-10-13,24604428204
USDC,2023-10-14,24570148280
USDC,2023-10-15,24602589236
USDC,2023-10-16,24669094048
USDC,2023-10-17,24740884768
USDC,2023-10-18,24768367449
USDC,2023-10-19,24761705567
USDC,2023-10-20,24867638704
USDC,2023-10-21,24916454497
USDC,2023-10-22,24939168495
USDC,2023-10-23,24928945517
USDC,2023-10-24,24838422096
USDC,2023-10-25,24437827441
USDC,2023-10-26,24555653839
USDC,2023-10-27,24524779067
USDC,2023-10-28,24380740868
USDC,2023-10-29,24413937127
USDC,2023-10-30,24458926812
USDC,2023-10-31,24344687407
USDC,2023-11-01,24176878457
USDC,2023-11-02,24161194972
USDC,2023-11-03,23867421193
USDC,2023-11-04,23899424368
USDC,2023-11-05,23982608181
USDC,2023-11-06,24003236380
USDC,2023-11-07,23817430639
USDC,2023-11-08,23752297148
USDC,2023-11-09,23618587003
USDC,2023-11-10,23500780589
USDC,2023-11-11,23518074759
USDC,2023-11-12,23580366142
USDC,2023-11-13,23634897489
USDC,2023-11-14,23396607702
USDC,2023-11-15,23187038999
USDC,2023-11-16,23442920950
USDC,2023-11-17,23507080006
USDC,2023-11-18,23757478112
USDC,2023-11-19,23770394758
USDC,2023-11-20,23813281719
USDC,2023-11-21,23853840231
USDC,2023-11-22,23700765516
USDC,2023-11-23,23740658670
USDC,2023-11-24,23754368571
USDC,2023-11-25,23978886257
USDC,2023-11-26,23976050681
USDC,2023-11-27,23920388873
USDC,2023-11-28,23680900263
USDC,2023-11-29,23856423201
USDC,2023-11-30,23762150801
USDC,2023-12-01,23807958530
USDC,2023-12-02,23815559024
USDC,2023-12-03,23799118337
USDC,2023-12-04,23774520696
USDC,2023-12-05,23642787409
USDC,2023-12-06,23554487025
USDC,2023-12-07,23541269425
USDC,2023-12-08,23600185435
USDC,2023-12-09,23763399955
USDC,2023-12-10,23800765636
USDC,2023-12-11,23805577094
USDC,2023-12-12,23405513901
USDC,2023-12-13,23298020237
USDC,2023-12-14,23542287871
USDC,2023-12-15,23650623842
USDC,2023-12-16,23757991956
USDC,2023-12-17,23767281924
USDC,2023-12-18,23719180948
USDC,2023-12-19,23869459276
USDC,2023-12-20,24105525681
USDC,2023-12-21,24231924976
USDC,2023-12-22,24138399413
USDC,2023-12-23,24409485162
USDC,2023-12-24,24426184285
USDC,2023-12-25,24451863876
USDC,2023-12-26,24400862987
USDC,2023-12-27,24063409418
USDC,2023-12-28,24222944015
USDC,2023-12-29,24172541481
USDC,2023-12-30,24112008590
USDC,2023-12-31,24025552613
USDT,2022-01-01,79326554298
USDT,2022-01-02,78778422990
USDT,2022-01-03,78481342990
USDT,2022-01-04,78388221317
USDT,2022-01-05,78502373121
USDT,2022-01-06,78772213379
USDT,2022-01-07,78639572254
USDT,2022-01-08,78498478180
USDT,2022-01-09,78296609765
USDT,2022-01-10,78054241928
USDT,2022-01-11,78481657327
USDT,2022-01-12,78555065237
USDT,2022-01-13,78482021770
USDT,2022-01-14,78355483483
USDT,2022-01-15,78464443412
USDT,2022-01-16,78324639023
USDT,2022-01-17,78423364533
USDT,2022-01-18,78444685550
USDT,2022-01-19,78383467334
USDT,2022-01-20,78380618748
USDT,2022-01-21,78282598757
USDT,2022-01-22,78144826788
USDT,2022-01-23,78448336905
USDT,2022-01-24,78310182894
USDT,2022-01-25,78669518056
USDT,2022-01-26,78269272661
USDT,2022-01-27,78752828372
USDT,2022-01-28,78718773466
USDT,2022-01-29,78249351193
USDT,2022-01-30,78366901631
USDT,2022-01-31,78198382293
USDT,2022-02-01,78062781790
USDT,2022-02-02,78016936425
USDT,2022-02-03,78038075904
USDT,2022-02-04,78064010106
USDT,2022-02-05,78063205577
USDT,2022-02-06,78062854578
USDT,2022-02-07,78163472784
USDT,2022-02-08,78096593702
USDT,2022-02-09,78040221425
USDT,2022-02-10,78012911279
USDT,2022-02-11,78515301962
USDT,2022-02-12,78510632875
USDT,2022-02-13,78531121017
USDT,2022-02-14,78636273860
USDT,2022-02-15,78558940144
USDT,2022-02-16,78623518666
USDT,2022-02-17,78732790424
USDT,2022-02-18,78772769798
USDT,2022-02-19,78727591077
USDT,2022-02-20,79138436958
USDT,2022-02-21,79163080615
USDT,2022-02-22,79390647858
USDT,2022-02-23,79377609211
USDT,2022-02-24,79629945704
USDT,2022-02-25,79631571239
USDT,2022-02-26,79474403713
USDT,2022-02-27,79679402405
USDT,2022-02-28,79854422104
USDT,2022-03-01,79537958060
USDT,2022-03-02,79425591344
USDT,2022-03-03,79854759317
USDT,2022-03-04,79609484426
USDT,2022-03-05,79843809462
USDT,2022-03-06,79862020238
USDT,2022-03-07,80091190392
USDT,2022-03-08,79896920565
USDT,2022-03-09,80070927071
USDT,2022-03-10,80044018130
USDT,2022-03-11,80042053180
USDT,2022-03-12,80132712134
USDT,2022-03-13,80116438308
USDT,2022-03-14,80129528500
USDT,2022-03-15,80072305020
USDT,2022-03-16,80062438312
USDT,2022-03-17,80082861271
USDT,2022-03-18,80158683653
USDT,2022-03-19,80532285250
USDT,2022-03-20,80740243739
USDT,2022-03-21,80827449077
USDT,2022-03-22,80724926155
USDT,2022-03-23,80845440415
USDT,2022-03-24,80751116254
USDT,2022-03-25,80927589777
USDT,2022-03-26,81291023435
USDT,2022-03-27,81304845677
USDT,2022-03-28,81196385911
USDT,2022-03-29,81349955673
USDT,2022-03-30,81664851060
USDT,2022-03-31,81930453189
USDT,2022-04-01,82044965080
USDT,2022-04-02,82105881308
USDT,2022-04-03,82272678352
USDT,2022-04-04,82388674421
USDT,2022-04-05,82449008616
USDT,2022-04-06,82412689459
USDT,2022-04-07,82422893105
USDT,2022-04-08,82509660677
USDT,2022-04-09,82582177981
USDT,2022-04-10,82608650899
USDT,2022-04-11,82714703438
USDT,2022-04-12,82634863680
USDT,2022-04-13,82881751671
USDT,2022-04-14,82736682157
USDT,2022-04-15,82795954521
USDT,2022-04-16,82766275586
USDT,2022-04-17,82797938661
USDT,2022-04-18,82811298303
USDT,2022-04-19,82792973865
USDT,2022-04-20,82787027489
USDT,2022-04-21,83021908772
USDT,2022-04-22,83120398074
USDT,2022-04-23,83182809348
USDT,2022-04-24,83198500617
USDT,2022-04-25,83221428016
USDT,2022-04-26,83139688331
USDT,2022-04-27,83214573094
USDT,2022-04-28,83154011772
USDT,2022-04-29,83139556788
USDT,2022-04-30,83229249235
USDT,2022-05-01,83424696945
USDT,2022-05-02,83267550080
USDT,2022-05-03,83147512568
USDT,2022-05-04,83241023586
USDT,2022-05-05,83185453774
USDT,2022-05-06,83270750871
USDT,2022-05-07,83284503885
USDT,2022-05-08,83355823233
USDT,2022-05-09,83246318700
USDT,2022-05-10,83173635948
USDT,2022-05-11,82690895711
USDT,2022-05-12,79485744715
USDT,2022-05-13,79485744715
USDT,2022-05-14,76734593140
USDT,2022-05-15,75778562416
USDT,2022-05-16,75778562416
USDT,2022-05-17,75778562416
USDT,2022-05-18,74235444120
USDT,2022-05-19,74239609934
USDT,2022-05-20,74227359934
USDT,2022-05-21,73301536761
USDT,2022-05-22,73301536752
USDT,2022-05-23,73301536752
USDT,2022-05-24,73301536751
USDT,2022-05-25,73301536751
USDT,2022-05-26,73301536751
USDT,2022-05-27,73301737670
USDT,2022-05-28,72563691346
USDT,2022-05-29,72563691346
USDT,2022-05-30,72563691346
USDT,2022-05-31,72563691346
USDT,2022-06-01,72564891346
USDT,2022-06-02,72643774670
USDT,2022-06-03,72564891346
USDT,2022-06-04,72569891345
USDT,2022-06-05,72569891345
USDT,2022-06-06,72569891345
USDT,2022-06-07,72446991345
USDT,2022-06-08,72446991345
USDT,2022-06-09,72456991345
USDT,2022-06-10,72523923241
USDT,2022-06-11,72521423239
USDT,2022-06-12,72521423239
USDT,2022-06-13,72320423093
USDT,2022-06-14,71625572083
USDT,2022-06-15,70896956466
USDT,2022-06-16,70065257821
USDT,2022-06-17,69250758856
USDT,2022-06-18,68257437389
USDT,2022-06-19,68199671483
USDT,2022-06-20,67950741493
USDT,2022-06-21,67521526405
USDT,2022-06-22,67007466804
USDT,2022-06-23,67006166804
USDT,2022-06-24,67003866803
USDT,2022-06-25,66893892036
USDT,2022-06-26,66893892036
USDT,2022-06-27,66893702036
USDT,2022-06-28,66861361158
USDT,2022-06-29,66851361158
USDT,2022-06-30,66535427995
USDT,2022-07-01,66352543726
USDT,2022-07-02,66705660402
USDT,2022-07-03,66703760402
USDT,2022-07-04,66554981805
USDT,2022-07-05,66516981805
USDT,2022-07-06,66467721853
USDT,2022-07-07,66467721853
USDT,2022-07-08,66465721853
USDT,2022-07-09,66464371853
USDT,2022-07-10,66464371853
USDT,2022-07-11,66464371853
USDT,2022-07-12,66464371853
USDT,2022-07-13,66424371853
USDT,2022-07-14,66404371853
USDT,2022-07-15,66349759464
USDT,2022-07-16,66349759464
USDT,2022-07-17,66349759464
USDT,2022-07-18,66369719504
USDT,2022-07-19,66339719504
USDT,2022-07-20,66319719504
USDT,2022-07-21,66319719504
USDT,2022-07-22,66284219403
USDT,2022-07-23,66284219403
USDT,2022-07-24,66284219403
USDT,2022-07-25,66289219402
USDT,2022-07-26,66289219402
USDT,2022-07-27,66289219401
USDT,2022-07-28,66279219400
USDT,2022-07-29,66366919400
USDT,2022-07-30,66489919400
USDT,2022-07-31,66630919400
USDT,2022-08-01,66630919400
USDT,2022-08-02,66740569600
USDT,2022-08-03,66845569599
USDT,2022-08-04,66859367154
USDT,2022-08-05,66909367154
USDT,2022-08-06,66909367154
USDT,2022-08-07,66909367154
USDT,2022-08-08,66909367153
USDT,2022-08-09,66909367153
USDT,2022-08-10,66950804389
USDT,2022-08-11,67190804388
USDT,2022-08-12,67332804384
USDT,2022-08-13,67470804384
USDT,2022-08-14,67717804384
USDT,2022-08-15,67409100679
USDT,2022-08-16,67560100679
USDT,2022-08-17,67560100679
USDT,2022-08-18,67543600679
USDT,2022-08-19,67543600678
USDT,2022-08-20,67543700675
USDT,2022-08-21,67543700675
USDT,2022-08-22,67543700675
USDT,2022-08-23,67543700675
USDT,2022-08-24,67543700675
USDT,2022-08-25,67543700675
USDT,2022-08-26,67637693999
USDT,2022-08-27,67543810675
USDT,2022-08-28,67543810675
USDT,2022-08-29,67543810675
USDT,2022-08-30,67548911675
USDT,2022-08-31,67548911675
USDT,2022-09-01,67549551675
USDT,2022-09-02,67549551675
USDT,2022-09-03,67549551675
USDT,2022-09-04,67549551675
USDT,2022-09-05,67549551675
USDT,2022-09-06,67544851675
USDT,2022-09-07,67544851675
USDT,2022-09-08,67544851675
USDT,2022-09-09,67545351175
USDT,2022-09-10,67545351175
USDT,2022-09-11,67651351175
USDT,2022-09-12,67723351175
USDT,2022-09-13,67817481045
USDT,2022-09-14,67882481045
USDT,2022-09-15,67880481045
USDT,2022-09-16,67920586030
USDT,2022-09-17,67920695920
USDT,2022-09-18,67920695918
USDT,2022-09-19,67920695918
USDT,2022-09-20,67950695918
USDT,2022-09-21,67959715798
USDT,2022-09-22,67966741908
USDT,2022-09-23,67951850744
USDT,2022-09-24,67949850742
USDT,2022-09-25,67949850742
USDT,2022-09-26,67949850742
USDT,2022-09-27,67951354338
USDT,2022-09-28,67951354336
USDT,2022-09-29,67951354336
USDT,2022-09-30,67951354326
USDT,2022-10-01,67944572025
USDT,2022-10-02,67944572025
USDT,2022-10-03,67944572025
USDT,2022-10-04,67944722036
USDT,2022-10-05,68057722036
USDT,2022-10-06,68207722035
USDT,2022-10-07,68218071686
USDT,2022-10-08,68328206686
USDT,2022-10-09,68367006686
USDT,2022-10-10,68367006686
USDT,2022-10-11,68417006686
USDT,2022-10-12,68417006686
USDT,2022-10-13,68417006686
USDT,2022-10-14,68417606686
USDT,2022-10-15,68427706686
USDT,2022-10-16,68427706686
USDT,2022-10-17,68427706685
USDT,2022-10-18,68437706685
USDT,2022-10-19,68447706685
USDT,2022-10-20,68447706562
USDT,2022-10-21,68447806562
USDT,2022-10-22,68448256112
USDT,2022-10-23,68448256112
USDT,2022-10-24,68448256112
USDT,2022-10-25,68468256112
USDT,2022-10-26,68509056112
USDT,2022-10-27,68715726112
USDT,2022-10-28,68882440613
USDT,2022-10-29,68972240613
USDT,2022-10-30,69098240613
USDT,2022-10-31,69258582034
USDT,2022-11-01,69415082044
USDT,2022-11-02,69349642963
USDT,2022-11-03,69345491008
USDT,2022-11-04,69345840658
USDT,2022-11-05,69355840658
USDT,2022-11-06,69421840658
USDT,2022-11-07,69421840658
USDT,2022-11-08,69514640653
USDT,2022-11-09,69853060833
USDT,2022-11-10,68261959893
USDT,2022-11-11,68261959893
USDT,2022-11-12,67410067070
USDT,2022-11-13,66458360239
USDT,2022-11-14,66372513988
USDT,2022-11-15,66048734131
USDT,2022-11-16,65960834131
USDT,2022-11-17,65934833971
USDT,2022-11-18,65934833971
USDT,2022-11-19,65935083722
USDT,2022-11-20,65878083722
USDT,2022-11-21,65875083722
USDT,2022-11-22,65496800213
USDT,2022-11-23,65498800213
USDT,2022-11-24,65352699103
USDT,2022-11-25,65352829103
USDT,2022-11-26,65352829103
USDT,2022-11-27,65352829103
USDT,2022-11-28,65352829103
USDT,2022-11-29,65352829103
USDT,2022-11-30,65282829103
USDT,2022-12-01,65352829103
USDT,2022-12-02,65352829103
USDT,2022-12-03,65434579462
USDT,2022-12-04,65486363712
USDT,2022-12-05,65486363712
USDT,2022-12-06,65566863712
USDT,2022-12-07,65675363712
USDT,2022-12-08,65675362712
USDT,2022-12-09,65697842712
USDT,2022-12-10,65698342212
USDT,2022-12-11,65698342212
USDT,2022-12-12,65698342212
USDT,2022-12-13,65782208212
USDT,2022-12-14,65977518212
USDT,2022-12-15,65962268212
USDT,2022-12-16,66030168212
USDT,2022-12-17,66042368212
USDT,2022-12-18,66147253212
USDT,2022-12-19,66147253212
USDT,2022-12-20,66200693212
USDT,2022-12-21,66233093212
USDT,2022-12-22,66237845405
USDT,2022-12-23,66237845405
USDT,2022-12-24,66237795405
USDT,2022-12-25,66237795405
USDT,2022-12-26,66237795405
USDT,2022-12-27,66240295405
USDT,2022-12-28,66240295405
USDT,2022-12-29,66247817799
USDT,2022-12-30,66256361891
USDT,2022-12-31,66256361891
USDT,2023-01-01,66256361891
USDT,2023-01-02,66256361891
USDT,2023-01-03,66256361891
USDT,2023-01-04,66256361891
USDT,2023-01-05,66256361891
USDT,2023-01-06,66265138847
USDT,2023-01-07,66265138847
USDT,2023-01-08,66265138847
USDT,2023-01-09,66265138847
USDT,2023-01-10,66265138847
USDT,2023-01-11,66265235156
USDT,2023-01-12,66265235023
USDT,2023-01-13,66265234655
USDT,2023-01-14,66265234518
USDT,2023-01-15,66348034455
USDT,2023-01-16,66348038279
USDT,2023-01-17,66477485277
USDT,2023-01-18,66477485276
USDT,2023-01-19,66477485276
USDT,2023-01-20,66477485276
USDT,2023-01-21,66477485276
USDT,2023-01-22,66690157269
USDT,2023-01-23,66736957267
USDT,2023-01-24,66847026263
USDT,2023-01-25,67025890257
USDT,2023-01-26,67181010253
USDT,2023-01-27,67317930248
USDT,2023-01-28,67497094240
USDT,2023-01-29,67612864237
USDT,2023-01-30,67768684232
USDT,2023-01-31,67803984798
USDT,2023-02-01,67785626780
USDT,2023-02-02,67807926779
USDT,2023-02-03,68021246768
USDT,2023-02-04,68021246768
USDT,2023-02-05,68057281686
USDT,2023-02-06,68057281686
USDT,2023-02-07,68175431684
USDT,2023-02-08,68175031684
USDT,2023-02-09,68175031684
USDT,2023-02-10,68177031683
USDT,2023-02-11,68312091683
USDT,2023-02-12,68379291680
USDT,2023-02-13,68404291680
USDT,2023-02-14,69122316678
USDT,2023-02-15,69484915674
USDT,2023-02-16,69778380670
USDT,2023-02-17,70146890659
USDT,2023-02-18,70286590658
USDT,2023-02-19,70395855657
USDT,2023-02-20,70395855657
USDT,2023-02-21,70432115656
USDT,2023-02-22,70452425653
USDT,2023-02-23,70583245569
USDT,2023-02-24,70680398565
USDT,2023-02-25,70790878484
USDT,2023-02-26,70839528483
USDT,2023-02-27,70876378483
USDT,2023-02-28,70919778481
USDT,2023-03-01,70961078475
USDT,2023-03-02,71055458455
USDT,2023-03-03,71109278154
USDT,2023-03-04,71351777828
USDT,2023-03-05,71435397827
USDT,2023-03-06,71472117827
USDT,2023-03-07,71584111032
USDT,2023-03-08,71729084555
USDT,2023-03-09,71733132005
USDT,2023-03-10,71799456169
USDT,2023-03-11,72075147930
USDT,2023-03-12,72120358309
USDT,2023-03-13,72557454192
USDT,2023-03-14,72892204290
USDT,2023-03-15,73400359945
USDT,2023-03-16,74246550264
USDT,2023-03-17,75163840900
USDT,2023-03-18,76173667892
USDT,2023-03-19,76213483077
USDT,2023-03-20,76102599077
USDT,2023-03-21,76849069864
USDT,2023-03-22,77428990195
USDT,2023-03-23,77776431260
USDT,2023-03-24,78478753062
USDT,2023-03-25,79014941308
USDT,2023-03-26,79078783060
USDT,2023-03-27,79097783049
USDT,2023-03-28,79448607421
USDT,2023-03-29,79513544279
USDT,2023-03-30,79633547900
USDT,2023-03-31,79665014575
USDT,2023-04-01,79686510462
USDT,2023-04-02,79686510462
USDT,2023-04-03,79795510453
USDT,2023-04-04,79901325455
USDT,2023-04-05,79997214449
USDT,2023-04-06,80100433550
USDT,2023-04-07,80188035456
USDT,2023-04-08,80193187657
USDT,2023-04-09,80203187657
USDT,2023-04-10,80203187657
USDT,2023-04-11,80343238527
USDT,2023-04-12,80443266292
USDT,2023-04-13,80570447403
USDT,2023-04-14,80756955086
USDT,2023-04-15,80896461591
USDT,2023-04-16,80913461589
USDT,2023-04-17,80923461589
USDT,2023-04-18,81052922317
USDT,2023-04-19,81164195713
USDT,2023-04-20,81291398302
USDT,2023-04-21,81397398449
USDT,2023-04-22,80620559312
USDT,2023-04-23,81431518639
USDT,2023-04-24,81441518639
USDT,2023-04-25,81528400004
USDT,2023-04-26,81566488286
USDT,2023-04-27,81581156971
USDT,2023-04-28,81605185849
USDT,2023-04-29,81687767335
USDT,2023-04-30,81697767321
USDT,2023-05-01,81707767325
USDT,2023-05-02,81790847851
USDT,2023-05-03,81854781265
USDT,2023-05-04,81975475257
USDT,2023-05-05,82052222893
USDT,2023-05-06,82068081639
USDT,2023-05-07,82073081634
USDT,2023-05-08,82078081629
USDT,2023-05-09,82325354103
USDT,2023-05-10,82466060394
USDT,2023-05-11,82599114600
USDT,2023-05-12,82713159758
USDT,2023-05-13,82783885203
USDT,2023-05-14,82783885203
USDT,2023-05-15,82804277277
USDT,2023-05-16,82809277270
USDT,2023-05-17,82832082711
USDT,2023-05-18,82840018135
USDT,2023-05-19,82843573932
USDT,2023-05-20,82895728300
USDT,2023-05-21,82900728295
USDT,2023-05-22,82905728289
USDT,2023-05-23,82949208885
USDT,2023-05-24,83013573950
USDT,2023-05-25,83049248000
USDT,2023-05-26,83063200196
USDT,2023-05-27,83098239535
USDT,2023-05-28,83103239529
USDT,2023-05-29,83103239529
USDT,2023-05-30,83118939765
USDT,2023-05-31,83160474162
USDT,2023-06-01,83198487627
USDT,2023-06-02,83225841346
USDT,2023-06-03,83128645073
USDT,2023-06-04,83133645068
USDT,2023-06-05,83138645060
USDT,2023-06-06,83195143057
USDT,2023-06-07,83266980941
USDT,2023-06-08,83277591266
USDT,2023-06-09,83297749826
USDT,2023-06-10,83332664064
USDT,2023-06-11,83343664057
USDT,2023-06-12,83348664057
USDT,2023-06-13,83478930155
USDT,2023-06-14,83505217924
USDT,2023-06-15,83539459054
USDT,2023-06-16,83544985808
USDT,2023-06-17,83549735056
USDT,2023-06-18,83156027042
USDT,2023-06-19,83156027042
USDT,2023-06-20,83159185882
USDT,2023-06-21,83166935125
USDT,2023-06-22,83174169306
USDT,2023-06-23,83184169317
USDT,2023-06-24,83184169317
USDT,2023-06-25,83189169317
USDT,2023-06-26,83194169312
USDT,2023-06-27,83216257484
USDT,2023-06-28,83222640434
USDT,2023-06-29,83307731669
USDT,2023-06-30,83359863360
USDT,2023-07-01,83320859006
USDT,2023-07-02,83320859006
USDT,2023-07-03,83320859006
USDT,2023-07-04,83331873579
USDT,2023-07-05,83333734068
USDT,2023-07-06,83334004999
USDT,2023-07-07,83334319952
USDT,2023-07-08,83337768993
USDT,2023-07-09,83337768983
USDT,2023-07-10,83329868983
USDT,2023-07-11,83328289818
USDT,2023-07-12,83352634014
USDT,2023-07-13,83357216574
USDT,2023-07-14,83413240012
USDT,2023-07-15,83593002993
USDT,2023-07-16,83617525941
USDT,2023-07-17,83628525930
USDT,2023-07-18,83729629319
USDT,2023-07-19,83784430445
USDT,2023-07-20,83754595772
USDT,2023-07-21,83798446907
USDT,2023-07-22,83775338994
USDT,2023-07-23,83780338989
USDT,2023-07-24,83780338989
USDT,2023-07-25,83788525522
USDT,2023-07-26,83789146039
USDT,2023-07-27,83794928377
USDT,2023-07-28,83800932183
USDT,2023-07-29,83803836403
USDT,2023-07-30,83803836403
USDT,2023-07-31,83797285742
USDT,2023-08-01,83873378189
USDT,2023-08-02,83874617419
USDT,2023-08-03,83876255948
USDT,2023-08-04,83876255948
USDT,2023-08-05,83881700967
USDT,2023-08-06,83881700967
USDT,2023-08-07,83881700967
USDT,2023-08-08,83557764340
USDT,2023-08-09,83511223882
USDT,2023-08-10,83512053052
USDT,2023-08-11,83512552527
USDT,2023-08-12,83387991626
USDT,2023-08-13,83387991626
USDT,2023-08-14,83387991626
USDT,2023-08-15,83389050707
USDT,2023-08-16,83159126422
USDT,2023-08-17,82994370395
USDT,2023-08-18,82819461935
USDT,2023-08-19,82823608782
USDT,2023-08-20,82823608782
USDT,2023-08-21,82823608782
USDT,2023-08-22,82826097691
USDT,2023-08-23,82832852959
USDT,2023-08-24,82822901509
USDT,2023-08-25,82826258267
USDT,2023-08-26,82828725797
USDT,2023-08-27,82828725797
USDT,2023-08-28,82828725797
USDT,2023-08-29,82835281925
USDT,2023-08-30,82836705499
USDT,2023-08-31,82839654049
USDT,2023-09-01,82845642167
USDT,2023-09-02,82877292012
USDT,2023-09-03,82877292012
USDT,2023-09-04,82877292012
USDT,2023-09-05,82882641165
USDT,2023-09-06,82885039764
USDT,2023-09-07,82888307993
USDT,2023-09-08,82890066233
USDT,2023-09-09,82993370803
USDT,2023-09-10,82993370803
USDT,2023-09-11,82993370803
USDT,2023-09-12,83003117902
USDT,2023-09-13,83008854473
USDT,2023-09-14,83011848204
USDT,2023-09-15,83019048237
USDT,2023-09-16,83019048236
USDT,2023-09-17,83019048236
USDT,2023-09-18,83019048236
USDT,2023-09-19,83068755239
USDT,2023-09-20,83139501601
USDT,2023-09-21,83168141273
USDT,2023-09-22,83171325515
USDT,2023-09-23,83178483701
USDT,2023-09-24,83180866470
USDT,2023-09-25,83180866470
USDT,2023-09-26,83185008082
USDT,2023-09-27,83243973134
USDT,2023-09-28,83248340765
USDT,2023-09-29,83253698407
USDT,2023-09-30,83221172676
USDT,2023-10-01,83232172676
USDT,2023-10-02,83234172676
USDT,2023-10-03,83317986709
USDT,2023-10-04,83342217736
USDT,2023-10-05,83344022138
USDT,2023-10-06,83379670190
USDT,2023-10-07,83413066842
USDT,2023-10-08,83451566842
USDT,2023-10-09,83451566842
USDT,2023-10-10,83472069062
USDT,2023-10-11,83489869062
USDT,2023-10-12,83497134325
USDT,2023-10-13,83499157750
USDT,2023-10-14,83504131933
USDT,2023-10-15,83504131933
USDT,2023-10-16,83508131933
USDT,2023-10-17,83564073494
USDT,2023-10-18,83658558996
USDT,2023-10-19,83792007688
USDT,2023-10-20,83902581464
USDT,2023-10-21,84130259194
USDT,2023-10-22,84131359672
USDT,2023-10-23,84142359672
USDT,2023-10-24,84264122116
USDT,2023-10-25,84233811435
USDT,2023-10-26,84368685906
USDT,2023-10-27,84487655718
USDT,2023-10-28,84515238111
USDT,2023-10-29,84515238111
USDT,2023-10-30,84515238111
USDT,2023-10-31,84564598508
USDT,2023-11-01,84778830833
USDT,2023-11-02,84849462984
USDT,2023-11-03,85174392534
USDT,2023-11-04,85329884145
USDT,2023-11-05,85339884144
USDT,2023-11-06,85367984142
USDT,2023-11-07,85712109690
USDT,2023-11-08,86059207862
USDT,2023-11-09,86236089163
USDT,2023-11-10,86489374731
USDT,2023-11-11,86651790617
USDT,2023-11-12,86766265615
USDT,2023-11-13,86776580495
USDT,2023-11-14,87049399807
USDT,2023-11-15,87295398005
USDT,2023-11-16,87406916113
USDT,2023-11-17,87502024032
USDT,2023-11-18,87650408687
USDT,2023-11-19,87665708687
USDT,2023-11-20,87688283686
USDT,2023-11-21,87999214565
USDT,2023-11-22,88280778060
USDT,2023-11-23,88445991835
USDT,2023-11-24,88486990065
USDT,2023-11-25,88683450806
USDT,2023-11-26,88700950806
USDT,2023-11-27,88755950804
USDT,2023-11-28,88897224190
USDT,2023-11-29,89051834037
USDT,2023-11-30,89253851478
USDT,2023-12-01,89317080453
USDT,2023-12-02,89499174101
USDT,2023-12-03,89569124098
USDT,2023-12-04,89619724097
USDT,2023-12-05,89786241693
USDT,2023-12-06,90005799511
USDT,2023-12-07,90040209002
USDT,2023-12-08,90228000442
USDT,2023-12-09,90307767897
USDT,2023-12-10,90561569096
USDT,2023-12-11,90517569096
USDT,2023-12-12,90606798292
USDT,2023-12-13,90624753215
USDT,2023-12-14,90631136003
USDT,2023-12-15,90790069493
USDT,2023-12-16,90884632596
USDT,2023-12-17,90884632596
USDT,2023-12-18,90884632596
USDT,2023-12-19,90890026114
USDT,2023-12-20,90903282682
USDT,2023-12-21,90997478400
USDT,2023-12-22,91042674797
USDT,2023-12-23,91166134358
USDT,2023-12-24,91232934358
USDT,2023-12-25,91288596668
USDT,2023-12-26,91298065200
USDT,2023-12-27,91315808078
USDT,2023-12-28,91427015093
USDT,2023-12-29,91497677422
USDT,2023-12-30,91651728372
USDT,2023-12-31,91677093371
